ID,isFreq,isVar,clickNum,time,timePeriod,isCorrect,onSwimmer,isDuringDrowning,onDiver,clickDelay,expression,swimmerStill,swimmerX,swimmerY,StuckToWalls,,,,,,,,,,
1,0,0,0,6.91467976570129,Initial,True,True,True,False,0.843793153762817,3,False,977,579,0,,,,,,,,,,
1,0,0,1,65.6001279354095,Initial,False,False,True,False,,,,,,0,,,,,,,,,,
1,0,0,2,65.9752779006958,Initial,True,True,True,False,2.90650963783264,2,False,1037,250,0,,,,,,,,,,
1,0,0,3,100.076445579528,Initial,True,True,True,False,1.99537134170532,2,False,811,526,0,,,,,,,,,,
1,0,0,4,177.509432792663,Condition,True,True,True,False,3.42203140258789,3,False,1100,157,0,,,,,,,,,,
1,0,0,5,325.754618883132,Condition,True,True,True,False,3.66075563430786,2,False,905,488,0,,,,,,,,,,
1,0,0,6,448.609707832336,Condition,True,True,True,False,2.51581668853759,3,False,1121,341,0,,,,,,,,,,
1,0,0,7,653.722330808639,Condition,True,True,True,False,3.63683748245239,2,False,256,218,0,,,,,,,,,,
1,0,0,8,926.884321928024,Condition,True,True,True,False,8.83289742469787,2,False,177,124,0,,,,,,,,,,
1,0,0,9,1040.30699539184,End,True,True,True,False,2.2675085067749,3,False,342,250,0,,,,,,,,,,
1,0,0,10,1087.29860162734,End,True,True,True,False,4.27675151824951,3,False,362,581,0,,,,,,,,,,
1,0,0,11,1165.22033691406,End,True,True,True,False,2.14069890975952,2,False,672,147,0,,,,,,,,,,
2,0,0,2,64.4859204292297,Initial,True,True,True,False,1.39083743095397,3,True,702,91,0,,,,,,,,,,
2,0,0,5,323.586847782135,Condition,True,True,True,False,1.54697751998901,3,False,616,358,0,,,,,,,,,,
2,0,0,7,651.814006090164,Condition,True,True,True,False,1.75286054611206,3,False,106,260,0,,,,,,,,,,
2,0,0,3,100.072307825088,Initial,True,True,True,False,1.95653176307678,2,False,1703,252,0,,,,,,,,,,
2,0,0,8,920.316327571868,Condition,True,True,True,False,2.21896696090698,3,False,1684,486,0,,,,,,,,,,
2,0,0,4,176.37549829483,Condition,True,True,True,False,2.32836961746215,2,False,1711,517,0,,,,,,,,,,
2,0,0,6,448.665118694305,Condition,True,True,True,False,2.56273198127746,3,False,1270,908,0,,,,,,,,,,
2,0,0,10,1085.7659227848,End,True,True,True,False,2.64701604843139,3,True,820,499,0,,,,,,,,,,
2,0,0,11,1166.19408369064,End,True,True,True,False,3.15751862525939,3,True,1130,267,0,,,,,,,,,,
2,0,0,1,9.31074166297912,Initial,True,True,True,False,3.23458361625671,2,False,202,536,0,,,,,,,,,,
2,0,0,9,1043.31455492973,End,True,True,True,False,5.27774381637573,2,False,985,855,0,,,,,,,,,,
2,0,0,0,8.7482054233551,Initial,False,False,True,False,,,,,,0,,,,,,,,,,
3,0,0,17,650.91,Condition,True,True,True,False,0.890756607055664,3,False,1016,348,0,,,,,,,,,,
3,0,0,5,175.046316623687,Condition,True,True,True,False,1.01568484306335,2,True,940,545,0,,,,,,,,,,
3,0,0,2,99.2849783897399,Initial,True,True,True,False,1.21883678436279,2,False,1183,539,0,,,,,,,,,,
3,0,0,11,323.501016616821,Condition,True,True,True,False,1.39079165458679,3,False,1513,221,0,,,,,,,,,,
3,0,0,22,1164.6231136322,End,True,True,True,False,1.51572465896606,3,False,1369,852,0,,,,,,,,,,
3,0,0,0,7.64497113227844,Initial,True,True,True,False,1.53137135505676,2,False,1259,435,0,,,,,,,,,,
3,0,0,1,64.7887895107269,Initial,True,True,True,False,1.6094810962677,2,False,1053,388,0,,,,,,,,,,
3,0,0,13,447.772110700607,Condition,True,True,True,False,1.7033531665802,3,False,357,457,0,,,,,,,,,,
3,0,0,19,928.470248937606,Condition,True,True,True,False,10.420536994934,3,False,1790,502,0,,,,,,,,,,
3,0,0,3,121.289855480194,Condition,False,False,False,False,,,,,,0,,,,,,,,,,
3,0,0,4,146.417215585708,Condition,False,False,False,False,,,,,,0,,,,,,,,,,
3,0,0,6,175.171321392059,Condition,False,True,False,False,,0,False,940,545,0,,,,,,,,,,
3,0,0,7,186.609638929367,Condition,False,False,False,False,,,,,,0,,,,,,,,,,
3,0,0,8,250.112074136734,Condition,False,False,False,False,,,,,,0,,,,,,,,,,
3,0,0,9,285.121691465377,Condition,False,False,False,False,,,,,,0,,,,,,,,,,
3,0,0,10,318.406823635101,Condition,False,False,False,False,,,,,,0,,,,,,,,,,
3,0,0,12,355.60547208786,Condition,False,True,False,True,,1,True,1658,744,0,,,,,,,,,,
3,0,0,14,463.517596960067,Condition,False,True,False,False,,0,False,1287,720,0,,,,,,,,,,
3,0,0,15,463.564477443695,Condition,False,True,False,False,,0,False,1283,723,0,,,,,,,,,,
3,0,0,16,564.282107830047,Condition,False,False,False,False,,,,,,0,,,,,,,,,,
3,0,0,18,866.35,Condition,False,False,False,False,,,,,,0,,,,,,,,,,
4,0,0,7,919.597849845886,Condition,True,True,True,False,1.48839592933654,2,False,1785,299,0,,,,,,,,,,
4,0,0,1,64.9570589065551,Initial,True,True,True,False,1.8500702381134,2,False,1308,80,0,,,,,,,,,,
4,0,0,3,176.038305759429,Condition,True,True,True,False,1.92197608947753,2,True,1681,749,0,,,,,,,,,,
4,0,0,0,8.20308184623718,Initial,True,True,True,False,2.14206075668334,3,False,568,383,0,,,,,,,,,,
4,0,0,6,652.215455055236,Condition,True,True,True,False,2.20324182510375,3,False,1519,751,0,,,,,,,,,,
4,0,0,5,448.278660058975,Condition,True,True,True,False,2.21402931213378,3,False,144,624,0,,,,,,,,,,
4,0,0,10,1165.50543498992,End,True,True,True,False,2.41930174827575,3,True,651,709,0,,,,,,,,,,
4,0,0,2,100.903240680694,Initial,True,True,True,False,2.89089059829711,3,False,915,438,0,,,,,,,,,,
4,0,0,8,1041.42315220832,End,True,True,True,False,3.40663933753967,3,False,478,144,0,,,,,,,,,,
4,0,0,4,327.292928934097,Condition,True,True,True,False,5.21903181076049,3,False,1129,187,0,,,,,,,,,,
4,0,0,9,1091.932441473,End,True,True,True,False,8.89,3,False,1276,159,0,,,,,,,,,,
4,0,0,11,1165.58356213569,End,False,True,False,False,,0,False,651,709,0,,,,,,,,,,
5,0,1,1,63.67,Initial,True,True,True,False,0.633474826812744,6,True,664,436,0,,,,,,,,,,
5,0,1,0,7.22408032417297,Initial,True,True,True,False,1.19408416748046,5,False,209,444,0,,,,,,,,,,
5,0,1,3,175.661309003829,Condition,True,True,True,False,1.53351497650146,4,False,311,522,0,,,,,,,,,,
5,0,1,2,100.402105093002,Initial,True,True,True,False,2.3648018836975,4,False,530,354,0,,,,,,,,,,
5,0,1,12,1165.48034214973,End,True,True,True,False,2.38630104064941,3,False,868,471,0,,,,,,,,,,
5,0,1,6,653.21,Condition,True,True,True,False,3.12735795974731,3,False,627,471,0,,,,,,,,,,
5,0,1,8,921.79630613327,Condition,True,True,True,False,3.76060509681701,6,True,1052,229,0,,,,,,,,,,
5,0,1,4,326.336531162261,Condition,True,True,True,False,4.22745704650878,6,True,826,161,0,,,,,,,,,,
5,0,1,5,450.759652137756,Condition,True,True,True,False,4.71101307868957,7,False,299,384,0,,,,,,,,,,
5,0,1,11,1088.75758123397,End,True,True,True,False,5.64555311203002,2,False,1051,237,0,,,,,,,,,,
5,0,1,10,1044.15927314758,End,True,True,True,False,6.06217718124389,5,False,300,141,0,,,,,,,,,,
5,0,1,7,842.001101255416,Condition,False,False,False,False,,,,,,0,,,,,,,,,,
5,0,1,9,1043.16188907623,End,False,False,True,False,,,,,,0,,,,,,,,,,
5,0,1,13,1186.12364125251,End,False,False,False,False,,,,,,0,,,,,,,,,,
6,0,1,11,1038.72354912757,End,True,True,True,False,0.640643835067749,5,True,1043,45,1,,,,,,,,,,
6,0,1,2,98.9394073486328,Initial,True,True,True,False,0.843778371810913,4,False,863,419,1,,,,,,,,,,
6,0,1,10,919.011774539947,Condition,True,True,True,False,0.968800783157348,5,True,70,353,1,,,,,,,,,,
6,0,1,0,7.05,Initial,True,True,True,False,0.968839168548584,4,False,997,172,1,,,,,,,,,,
6,0,1,3,175.05710363388,Condition,True,True,True,False,1.00858330726623,3,False,72,176,1,,,,,,,,,,
6,0,1,1,64.1863720417022,Initial,True,True,True,False,1.04693293571472,4,False,455,565,1,,,,,,,,,,
6,0,1,7,447.225756168365,Condition,True,True,True,False,1.14069938659667,2,False,317,151,1,,,,,,,,,,
6,0,1,12,1084.64882349967,End,True,True,True,False,1.53139185905456,6,True,554,44,1,,,,,,,,,,
6,0,1,13,1165.20164084434,End,True,True,True,False,2.093923330307,2,True,447,655,1,,,,,,,,,,
6,0,1,6,324.542106628417,Condition,True,True,True,False,2.50022983551025,3,True,422,655,1,,,,,,,,,,
6,0,1,9,652.67700600624,Condition,True,True,True,False,2.60954689979553,3,True,68,101,1,,,,,,,,,,
6,0,1,4,271.278254985809,Condition,False,True,False,True,,1,True,70,70,1,,,,,,,,,,
6,0,1,5,324.073328495025,Condition,False,False,True,False,,,,,,1,,,,,,,,,,
6,0,1,8,652.46,Condition,False,False,True,False,,,,,,1,,,,,,,,,,
7,0,1,7,446.717546939849,Condition,True,True,True,False,0.687538146972656,5,True,954,655,1,,,,,,,,,,
7,0,1,6,322.803927183151,Condition,True,True,True,False,0.765662431716919,7,True,1046,377,1,,,,,,,,,,
7,0,1,8,651.30731678009,Condition,True,True,True,False,1.25006890296936,4,True,604,388,1,,,,,,,,,,
7,0,1,4,99.4949281215667,Initial,True,True,True,False,1.48,2,False,244,168,1,,,,,,,,,,
7,0,1,10,1039.81238222122,End,True,True,True,False,1.70321774482727,6,True,69,280,1,,,,,,,,,,
7,0,1,12,1164.78809714317,End,True,True,True,False,1.76572155952453,3,True,852,45,1,,,,,,,,,,
7,0,1,5,176.228692293167,Condition,True,True,True,False,2.14074206352233,3,True,1131,408,1,,,,,,,,,,
7,0,1,0,8.34420299530029,Initial,True,True,True,False,2.28137016296386,2,True,612,389,1,,,,,,,,,,
7,0,1,11,1085.37734246253,End,True,True,True,False,2.34387564659118,7,True,1131,280,1,,,,,,,,,,
7,0,1,9,920.852669954299,Condition,True,True,True,False,2.78,3,True,318,44,1,,,,,,,,,,
7,0,1,2,72.11,Initial,True,True,True,False,9.00064444541931,5,False,555,371,1,,,,,,,,,,
7,0,1,1,64.8897469043731,Initial,False,False,True,False,,,,,,1,,,,,,,,,,
7,0,1,3,98.82,Initial,False,False,True,False,,,,,,1,,,,,,,,,,
8,0,1,10,175.59306192398,Condition,True,True,True,False,1.50006341934204,4,True,543,45,1,,,,,,,,,,
8,0,1,8,99.5790967941284,Initial,True,True,True,False,1.57820272445678,7,True,584,467,1,,,,,,,,,,
8,0,1,12,447.694195747375,Condition,True,True,True,False,1.67,2,False,701,428,1,,,,,,,,,,
8,0,1,1,8.10996985435485,Initial,True,True,True,False,2.08,2,False,451,481,1,,,,,,,,,,
8,0,1,17,1085.53043723106,End,True,True,True,False,2.43783235549926,3,False,229,437,1,,,,,,,,,,
8,0,1,13,652.544101476669,Condition,True,True,True,False,2.48450469970703,5,True,1130,136,1,,,,,,,,,,
8,0,1,11,325.736602067947,Condition,True,True,True,False,3.71894478797912,3,False,463,55,1,,,,,,,,,,
8,0,1,14,922.691286563873,Condition,True,True,True,False,4.68773388862609,4,True,723,39,1,,,,,,,,,,
8,0,1,16,1042.77652025222,End,True,True,True,False,4.68784928321838,2,True,692,45,1,,,,,,,,,,
8,0,1,18,1175.81830668449,End,True,True,True,False,12.719871520996,3,False,290,648,1,,,,,,,,,,
8,0,1,0,5.8285014629364,Initial,False,True,False,True,,1,False,340,192,1,,,,,,,,,,
8,0,1,2,12.1918377876281,Initial,False,True,False,True,,1,True,92,217,1,,,,,,,,,,
8,0,1,3,14.645406961441,Initial,False,True,False,True,,1,False,85,557,1,,,,,,,,,,
8,0,1,4,28.7094588279724,Initial,False,True,False,False,,0,True,721,321,1,,,,,,,,,,
8,0,1,5,41.3825805187225,Initial,False,True,False,True,,1,True,509,655,1,,,,,,,,,,
8,0,1,6,61.9621107578277,Initial,False,True,False,True,,1,False,1060,92,1,,,,,,,,,,
8,0,1,9,99.5790967941284,Initial,False,True,False,False,,0,False,589,471,1,,,,,,,,,,
8,0,1,15,1041.90147399902,End,False,False,True,False,,,,,,1,,,,,,,,,,
9,0,1,1,6.35975098609924,Initial,True,True,True,False,0.296890258789062,6,False,1010,277,1,,,,,,,,,,
9,0,1,8,174.951820850372,Condition,True,True,True,False,0.859421730041503,7,False,1060,271,1,,,,,,,,,,
9,0,1,6,64.4779546260833,Initial,True,True,True,False,1.45318675041198,7,True,578,344,1,,,,,,,,,,
9,0,1,11,651.61,Condition,True,True,True,False,1.60944461822509,5,False,627,54,1,,,,,,,,,,
9,0,1,14,1040.24016833305,End,True,True,True,False,2.17208242416381,7,True,1130,64,1,,,,,,,,,,
9,0,1,13,920.233340740203,Condition,True,True,True,False,2.21884846687316,7,False,743,86,1,,,,,,,,,,
9,0,1,15,1085.40461325645,End,True,True,True,False,2.32824516296386,2,True,1130,257,1,,,,,,,,,,
9,0,1,7,100.644271850585,Initial,True,True,True,False,2.60950779914855,7,True,334,45,1,,,,,,,,,,
9,0,1,9,324.918031215667,Condition,True,True,True,False,2.8334047794342,6,True,1088,655,1,,,,,,,,,,
9,0,1,10,448.955364465713,Condition,True,True,True,False,2.89095997810363,5,False,156,156,1,,,,,,,,,,
9,0,1,16,1166.31262445449,End,True,True,True,False,3.20975542068481,2,True,70,387,1,,,,,,,,,,
9,0,1,0,1.76572918891906,Initial,False,True,False,True,,1,False,493,492,1,,,,,,,,,,
9,0,1,2,7.53168678283691,Initial,False,True,False,True,,1,False,666,429,1,,,,,,,,,,
9,0,1,3,8.95389556884765,Initial,False,True,False,True,,1,True,320,330,1,,,,,,,,,,
9,0,1,4,17.9546453952789,Initial,False,True,False,False,,0,True,1130,425,1,,,,,,,,,,
9,0,1,5,25.9753205776214,Initial,False,True,False,False,,0,False,769,294,1,,,,,,,,,,
9,0,1,12,919.655187606811,Condition,False,False,True,False,,,,,,1,,,,,,,,,,
10,0,1,14,1084.31445908546,End,True,True,True,False,1.25488305091857,5,True,848,502,0,,,,,,,,,,
10,0,1,6,323.82475399971,Condition,True,True,True,False,1.74082493782043,5,False,245,585,0,,,,,,,,,,
10,0,1,9,651.773073196411,Condition,True,True,True,False,1.74704718589782,7,False,78,190,0,,,,,,,,,,
10,0,1,2,65.3959422111511,Initial,True,True,True,False,2.30523800849914,3,True,599,353,0,,,,,,,,,,
10,0,1,4,101.051974058151,Initial,True,True,True,False,2.94045996665954,4,True,130,301,0,,,,,,,,,,
10,0,1,11,922.14,Condition,True,True,True,False,4.07760787010192,5,False,403,594,0,,,,,,,,,,
10,0,1,8,450.708544015884,Condition,True,True,True,False,4.62067890167236,3,True,365,279,0,,,,,,,,,,
10,0,1,13,1042.95563602447,End,True,True,True,False,4.88903188705444,3,False,711,229,0,,,,,,,,,,
10,0,1,5,179.248316049575,Condition,True,True,True,False,5.16506886482238,4,False,270,181,0,,,,,,,,,,
10,0,1,1,11.3989222049713,Initial,True,True,True,False,5.34266400337219,4,False,574,520,0,,,,,,,,,,
10,0,1,16,1170.60020399093,End,True,True,True,False,7.48737382888793,7,False,1013,540,0,,,,,,,,,,
10,0,1,0,10.8225901126861,Initial,False,False,True,False,,,,,,0,,,,,,,,,,
10,0,1,3,100.140099048614,Initial,False,False,True,False,,,,,,0,,,,,,,,,,
10,0,1,7,323.824918031692,Condition,False,True,False,False,,0,False,240,598,0,,,,,,,,,,
10,0,1,10,906.609731197357,Condition,False,False,False,False,,,,,,0,,,,,,,,,,
10,0,1,12,1042.21550107002,End,False,False,True,False,,,,,,0,,,,,,,,,,
10,0,1,15,1111.12669920921,End,False,False,False,False,,,,,,0,,,,,,,,,,
10,0,1,17,1173.65058207511,End,False,False,False,False,,,,,,0,,,,,,,,,,
11,1,0,8,238.914218902587,Condition,True,True,True,False,0.805561065673828,3,False,546,510,0,,,,,,,,,,
11,1,0,11,260.968924045562,Condition,True,True,True,False,0.927031993865966,2,True,1033,218,0,,,,,,,,,,
11,1,0,30,595.076638936996,Condition,True,True,True,False,1.01849603652954,2,False,1002,643,0,,,,,,,,,,
11,1,0,26,548.314559936523,Condition,True,True,True,False,1.21623492240905,3,False,773,643,0,,,,,,,,,,
11,1,0,15,379.309208869934,Condition,True,True,True,False,1.23065900802612,2,False,564,65,0,,,,,,,,,,
11,1,0,49,1039.32034993171,End,True,True,True,False,1.23260903358459,2,False,114,84,0,,,,,,,,,,
11,1,0,47,993.371824979782,Condition,True,True,True,False,1.23724508285522,2,False,687,576,0,,,,,,,,,,
11,1,0,28,567.29,Condition,True,True,True,False,1.2412691116333,2,False,1002,643,0,,,,,,,,,,
11,1,0,3,99.3922128677368,Initial,True,True,True,False,1.2880527973175,3,False,542,290,0,,,,,,,,,,
11,1,0,29,576.405274868011,Condition,True,True,True,False,1.30471682548522,3,False,480,99,0,,,,,,,,,,
11,1,0,9,253.44,Condition,True,True,True,False,1.36,2,False,541,176,0,,,,,,,,,,
11,1,0,53,1084.46727490425,End,True,True,True,False,1.37964391708374,2,False,877,183,0,,,,,,,,,,
11,1,0,36,800.604793071746,Condition,True,True,True,False,1.51032519340515,3,False,766,602,0,,,,,,,,,,
11,1,0,42,838.611744880676,Condition,True,True,True,False,1.57774686813354,2,True,688,258,0,,,,,,,,,,
11,1,0,25,534.649101018905,Condition,True,True,True,False,1.60191917419433,2,False,692,199,0,,,,,,,,,,
11,1,0,41,827.754214048385,Condition,True,True,True,False,1.71886014938354,3,False,731,617,0,,,,,,,,,,
11,1,0,1,64.9140720367431,Initial,True,True,True,False,1.83441519737243,2,True,93,163,0,,,,,,,,,,
11,1,0,45,957.138139009475,Condition,True,True,True,False,2.08757901191711,3,True,836,343,0,,,,,,,,,,
11,1,0,21,453.162268877029,Condition,True,True,True,False,2.08993983268737,3,False,140,136,0,,,,,,,,,,
11,1,0,7,237.301460027694,Condition,True,True,True,False,2.25389218330383,3,False,427,409,0,,,,,,,,,,
11,1,0,32,705.359895944595,Condition,True,True,True,False,2.26457905769348,3,True,794,54,0,,,,,,,,,,
11,1,0,23,496.312798023223,Condition,True,True,True,False,2.28390002250671,2,False,619,316,0,,,,,,,,,,
11,1,0,13,280.422735929489,Condition,True,True,True,False,2.33652305603027,3,False,1028,593,0,,,,,,,,,,
11,1,0,14,292.434684991836,Condition,True,True,True,False,2.34443497657775,2,False,401,620,0,,,,,,,,,,
11,1,0,20,415.49833703041,Condition,True,True,False,False,2.38474607467651,3,False,210,275,0,,,,,,,,,,
11,1,0,22,469.486413002014,Condition,True,True,True,False,2.40633606910705,2,True,1049,431,0,,,,,,,,,,
11,1,0,12,275.58414697647,Condition,True,True,True,False,2.49141597747802,3,True,210,289,0,,,,,,,,,,
11,1,0,43,913.588317871093,Condition,True,True,True,False,2.51021695137023,3,False,194,431,0,,,,,,,,,,
11,1,0,38,804.651762962341,Condition,True,True,True,False,2.60,3,False,465,557,0,,,,,,,,,,
11,1,0,19,414.713400840759,Condition,True,True,True,False,2.63972377777099,3,False,287,380,0,,,,,,,,,,
11,1,0,4,183.874130964279,Condition,True,True,True,False,2.74204611778259,3,False,747,455,0,,,,,,,,,,
11,1,0,34,723.066616058349,Condition,True,True,True,False,3.03789901733398,3,False,726,227,0,,,,,,,,,,
11,1,0,10,259.299816846847,Condition,True,True,True,False,3.18925499916076,2,True,361,124,0,,,,,,,,,,
11,1,0,16,399.252693891525,Condition,True,True,True,False,3.20641684532165,3,True,267,360,0,,,,,,,,,,
11,1,0,6,214.449286937713,Condition,True,True,True,False,3.35467100143432,3,True,1010,104,0,,,,,,,,,,
11,1,0,35,748.46917104721,Condition,True,True,True,False,3.40871906280517,3,False,160,134,0,,,,,,,,,,
11,1,0,5,192.675135850906,Condition,True,True,True,False,3.5816159248352,2,False,896,623,0,,,,,,,,,,
11,1,0,44,935.975884914398,Condition,True,True,True,False,3.91492795944213,2,False,263,378,0,,,,,,,,,,
11,1,0,31,665.984863042831,Condition,True,True,True,False,3.94510412216186,2,True,182,509,0,,,,,,,,,,
11,1,0,17,401.052762031555,Condition,True,True,False,False,3.96847605705261,2,False,841,343,0,,,,,,,,,,
11,1,0,46,958.066608905792,Condition,True,True,False,False,4.00860095024108,2,False,1120,209,0,,,,,,,,,,
11,1,0,0,10.4282610416412,Initial,True,True,True,False,4.36,3,False,673,85,0,,,,,,,,,,
11,1,0,27,555.093858003616,Condition,True,True,True,False,5.05065011978149,2,False,136,232,0,,,,,,,,,,
11,1,0,40,816.17,Condition,True,True,False,False,5.09202289581298,3,False,1008,65,0,,,,,,,,,,
11,1,0,55,1168.68614697456,End,True,True,True,False,5.58056998252868,3,True,1034,255,0,,,,,,,,,,
11,1,0,39,813.656262874603,Condition,True,True,True,False,7.56435894966125,2,False,225,202,0,,,,,,,,,,
11,1,0,48,999.688766956329,Condition,True,True,False,False,7.62045502662658,2,False,753,115,0,,,,,,,,,,
11,1,0,2,69.5546538829803,Initial,False,False,False,False,,,,,,0,,,,,,,,,,
11,1,0,18,413.916318893432,Condition,False,False,True,False,,,,,,0,,,,,,,,,,
11,1,0,24,533.996424913406,Condition,False,False,True,False,,,,,,0,,,,,,,,,,
11,1,0,33,719.422070026397,Condition,False,False,False,False,,,,,,0,,,,,,,,,,
11,1,0,37,804.067347049713,Condition,False,False,True,False,,,,,,0,,,,,,,,,,
11,1,0,50,1046.42332696914,End,False,False,False,False,,,,,,0,,,,,,,,,,
11,1,0,51,1047.63599586486,End,False,False,False,False,,,,,,0,,,,,,,,,,
11,1,0,52,1048.24656391143,End,False,False,False,False,,,,,,0,,,,,,,,,,
11,1,0,54,1168.29406905174,End,False,False,True,False,,,,,,0,,,,,,,,,,
12,0,0,3,63.2080361843109,Initial,True,True,True,False,0.156265497207641,3,False,962,615,0,,,,,,,,,,
12,0,0,1,6.84867811203002,Initial,True,True,True,False,0.743499994277954,3,True,759,128,0,,,,,,,,,,
12,0,0,9,99.829089641571,Initial,True,True,True,False,1.68349266052246,3,False,812,513,0,,,,,,,,,,
12,0,0,22,1039.81646680831,End,True,True,True,False,1.73556947708129,2,False,136,611,0,,,,,,,,,,
12,0,0,20,920.64814043045,Condition,True,True,True,False,2.55624604225158,3,False,606,240,0,,,,,,,,,,
12,0,0,16,325.542864322662,Condition,True,True,True,False,3.49456620216369,3,False,940,67,0,,,,,,,,,,
12,0,0,19,653.616872072219,Condition,True,True,True,False,3.52916145324707,2,False,910,142,0,,,,,,,,,,
12,0,0,24,1166.72672009468,End,True,True,True,False,3.59662175178527,2,False,980,54,0,,,,,,,,,,
12,0,0,17,450.01,Condition,True,True,True,False,3.89207506179809,3,False,118,459,0,,,,,,,,,,
12,0,0,14,180.923018693923,Condition,True,True,True,False,6.88233304023742,2,True,377,178,0,,,,,,,,,,
12,0,0,23,1090.4304151535,End,True,True,True,False,7.3848328590393,3,False,374,496,0,,,,,,,,,,
12,0,0,0,4.42588663101196,Initial,False,True,False,True,,1,True,759,128,0,,,,,,,,,,
12,0,0,2,30.7787365913391,Initial,False,True,False,True,,1,False,813,198,0,,,,,,,,,,
12,0,0,4,70.4881064891815,Initial,False,True,False,True,,1,False,345,280,0,,,,,,,,,,
12,0,0,5,74.2360503673553,Initial,False,True,False,True,,1,False,345,494,0,,,,,,,,,,
12,0,0,6,92.193605184555,Initial,False,True,False,True,,1,True,613,437,0,,,,,,,,,,
12,0,0,7,94.5448143482208,Initial,False,True,False,True,,1,False,576,263,0,,,,,,,,,,
12,0,0,8,95.7205944061279,Initial,False,True,False,True,,1,False,620,144,0,,,,,,,,,,
12,0,0,10,116.988581418991,Initial,False,True,False,True,,1,False,99,288,0,,,,,,,,,,
12,0,0,11,147.251020431518,Condition,False,True,False,True,,1,False,616,259,0,,,,,,,,,,
12,0,0,12,173.821951389312,Condition,False,True,False,True,,1,True,377,178,0,,,,,,,,,,
12,0,0,13,180.438645124435,Condition,False,False,True,False,,,,,,0,,,,,,,,,,
12,0,0,15,181.235552549362,Condition,False,True,False,False,,0,False,377,178,0,,,,,,,,,,
12,0,0,18,505.310617446899,Condition,False,False,False,False,,,,,,0,,,,,,,,,,
12,0,0,21,1010.16411089897,Condition,False,True,False,True,,1,False,370,474,0,,,,,,,,,,
12,0,0,25,1195.7192993164,End,False,True,False,True,,1,False,996,240,0,,,,,,,,,,
12,0,0,26,1196.68554449081,End,False,True,False,True,,1,False,986,230,0,,,,,,,,,,
13,1,0,20,451.744927167892,Condition,True,True,True,False,0.578269004821777,2,False,836,281,0,,,,,,,,,,
13,1,0,2,98.8256421089172,Initial,True,True,True,False,0.700927972793579,3,False,1034,441,0,,,,,,,,,,
13,1,0,10,261.162858009338,Condition,True,True,True,False,0.877400875091552,2,False,562,464,0,,,,,,,,,,
13,1,0,49,1084.10760307312,End,True,True,True,False,0.918440103530883,2,False,714,566,0,,,,,,,,,,
13,1,0,29,595.191128969192,Condition,True,True,True,False,0.942461013793945,2,True,186,400,0,,,,,,,,,,
13,1,0,40,838.135813951492,Condition,True,True,True,False,0.970667839050293,3,False,459,258,0,,,,,,,,,,
13,1,0,41,912.191979169845,Condition,True,True,True,False,0.97326111793518,3,False,404,174,0,,,,,,,,,,
13,1,0,0,7.12166213989257,Initial,True,True,True,False,0.99,2,True,194,615,0,,,,,,,,,,
13,1,0,27,567.223618030548,Condition,True,True,True,False,1.01181888580322,3,False,926,264,0,,,,,,,,,,
13,1,0,12,279.225934028625,Condition,True,True,True,False,1.03345394134521,3,True,857,433,0,,,,,,,,,,
13,1,0,45,993.40467095375,Condition,True,True,True,False,1.05597782135009,3,False,1051,611,0,,,,,,,,,,
13,1,0,14,291.34,Condition,True,True,True,False,1.11807107925415,3,False,286,303,0,,,,,,,,,,
13,1,0,37,807.366969108581,Condition,True,True,True,False,1.23269915580749,2,True,687,558,0,,,,,,,,,,
13,1,0,6,236.504372119903,Condition,True,True,True,False,1.23985910415649,3,True,1017,101,0,,,,,,,,,,
13,1,0,24,534.441827058792,Condition,True,True,True,False,1.34432792663574,2,False,555,462,0,,,,,,,,,,
13,1,0,7,239.6477560997,Condition,True,True,True,False,1.41920208930969,2,True,698,302,0,,,,,,,,,,
13,1,0,3,182.686571121215,Condition,True,True,True,False,1.43791794776916,3,True,962,210,0,,,,,,,,,,
13,1,0,1,64.588406085968,Initial,True,True,True,False,1.46577405929565,3,False,850,588,0,,,,,,,,,,
13,1,0,25,548.708495140075,Condition,True,True,True,False,1.49803709983825,3,True,555,462,0,,,,,,,,,,
13,1,0,28,576.813778162002,Condition,True,True,True,False,1.53230500221252,3,True,546,642,0,,,,,,,,,,
13,1,0,18,413.784649133682,Condition,True,True,True,False,1.56241703033447,3,False,674,577,0,,,,,,,,,,
13,1,0,50,1164.75930905342,End,True,True,True,False,1.59703707695007,2,True,245,271,0,,,,,,,,,,
13,1,0,8,253.866976976394,Condition,True,True,True,False,1.62020802497863,2,False,1032,237,0,,,,,,,,,,
13,1,0,38,812.758264064788,Condition,True,True,True,False,1.63323092460632,3,False,241,414,0,,,,,,,,,,
13,1,0,9,257.958578109741,Condition,True,True,True,False,1.67142510414123,3,False,800,121,0,,,,,,,,,,
13,1,0,39,828.100131034851,Condition,True,True,True,False,1.91658592224121,3,False,1048,505,0,,,,,,,,,,
13,1,0,32,722.216819047927,Condition,True,True,True,False,2.06288695335388,2,False,1032,174,0,,,,,,,,,,
13,1,0,15,380.424146175384,Condition,True,True,True,False,2.18754315376281,3,False,1072,281,0,,,,,,,,,,
13,1,0,46,994.54586815834,Condition,True,True,False,False,2.41104412078857,2,False,681,529,0,,,,,,,,,,
13,1,0,21,469.734513044357,Condition,True,True,True,False,2.48521590232849,2,False,1047,589,0,,,,,,,,,,
13,1,0,5,213.758414983749,Condition,True,True,True,False,2.52115297317504,2,True,484,552,0,,,,,,,,,,
13,1,0,4,191.727862119674,Condition,True,True,True,False,2.53931713104248,2,False,666,462,0,,,,,,,,,,
13,1,0,43,956.834747076034,Condition,True,True,True,False,2.66584396362304,2,True,847,536,0,,,,,,,,,,
13,1,0,36,804.95603609085,Condition,True,True,True,False,2.84433603286743,2,False,968,525,0,,,,,,,,,,
13,1,0,16,399.149296045303,Condition,True,True,True,False,2.93478107452392,2,False,632,609,0,,,,,,,,,,
13,1,0,44,958.192583084106,Condition,True,True,False,False,3.0984559059143,2,False,990,413,0,,,,,,,,,,
13,1,0,42,935.398081064224,Condition,True,True,True,False,3.21802401542663,3,True,832,138,0,,,,,,,,,,
13,1,0,30,665.446815013885,Condition,True,True,True,False,3.23136091232299,2,False,555,462,0,,,,,,,,,,
13,1,0,35,748.439329147338,Condition,True,True,True,False,3.25785517692565,3,False,343,299,0,,,,,,,,,,
13,1,0,23,498.126880168914,Condition,True,True,True,False,3.85713219642639,3,False,555,462,0,,,,,,,,,,
13,1,0,31,708.154586076736,Condition,True,True,True,False,4.90740990638732,3,True,812,429,0,,,,,,,,,,
13,1,0,17,402.745187044143,Condition,True,True,False,False,5.47032499313354,2,False,244,97,0,,,,,,,,,,
13,1,0,13,281.302237987518,Condition,True,True,False,False,8.11894488334655,3,False,997,601,0,,,,,,,,,,
13,1,0,19,422.496574163436,Condition,True,True,False,False,9.2579960823059,2,False,289,407,0,,,,,,,,,,
13,1,0,26,559.46,Condition,True,True,True,False,9.35135078430175,3,False,214,338,0,,,,,,,,,,
13,1,0,48,1048.70571804046,End,True,True,True,False,10.5882680416107,3,False,449,301,0,,,,,,,,,,
13,1,0,11,261.393005132675,Condition,False,True,False,False,,0,False,555,462,0,,,,,,,,,,
13,1,0,22,497.327548027038,Condition,False,False,True,False,,,,,,0,,,,,,,,,,
13,1,0,33,735.643756151199,Condition,False,False,False,False,,,,,,0,,,,,,,,,,
13,1,0,34,739.74180817604,Condition,False,False,False,False,,,,,,0,,,,,,,,,,
13,1,0,47,1024.50145006179,End,False,False,False,False,,,,,,0,,,,,,,,,,
14,1,1,60,799.514678001403,Condition,True,True,True,False,0.484639167785644,3,True,285,87,0,,,,,,,,,,
14,1,1,5,189.618438005447,Condition,True,True,True,False,0.508742094039917,5,False,749,127,0,,,,,,,,,,
14,1,1,66,837.712678909301,Condition,True,True,True,False,0.602802991867065,5,True,408,81,0,,,,,,,,,,
14,1,1,45,494.66119980812,Condition,True,True,True,False,0.614396810531616,5,False,753,408,0,,,,,,,,,,
14,1,1,65,826.72,Condition,True,True,True,False,0.629654884338378,7,False,753,84,0,,,,,,,,,,
14,1,1,11,252.680526971817,Condition,True,True,True,False,0.65515398979187,3,False,524,620,0,,,,,,,,,,
14,1,1,9,235.701735973358,Condition,True,True,True,False,0.682307004928588,5,False,246,122,0,,,,,,,,,,
14,1,1,44,467.830962896347,Condition,True,True,True,False,0.722648859024047,7,False,646,155,0,,,,,,,,,,
14,1,1,7,211.84562587738,Condition,True,True,True,False,0.745620012283325,7,False,73,371,0,,,,,,,,,,
14,1,1,37,378.851713895797,Condition,True,True,True,False,0.761475086212158,3,False,85,251,0,,,,,,,,,,
14,1,1,49,547.91,Condition,True,True,True,False,0.803699970245361,2,False,580,474,0,,,,,,,,,,
14,1,1,13,260.897085905075,Condition,True,True,True,False,0.840157985687255,7,True,858,71,0,,,,,,,,,,
14,1,1,51,566.969906806945,Condition,True,True,True,False,0.886437892913818,6,False,1005,561,0,,,,,,,,,,
14,1,1,12,256.938016891479,Condition,True,True,True,False,0.895477056503295,2,False,274,60,0,,,,,,,,,,
14,1,1,76,1039.02717494964,End,True,True,True,False,0.914365053176879,4,False,168,95,0,,,,,,,,,,
14,1,1,71,956.009698867797,Condition,True,True,True,False,0.946985960006713,6,False,190,261,0,,,,,,,,,,
14,1,1,61,803.030493974685,Condition,True,True,True,False,0.949202060699462,6,False,461,250,0,,,,,,,,,,
14,1,1,55,703.992319822311,Condition,True,True,True,False,0.949760913848877,4,False,622,621,0,,,,,,,,,,
14,1,1,42,414.039727926254,Condition,True,True,False,False,0.960122108459472,7,True,721,235,0,,,,,,,,,,
14,1,1,54,663.074221849441,Condition,True,True,True,False,0.989720821380615,2,True,666,166,0,,,,,,,,,,
14,1,1,77,1084.09531998634,End,True,True,True,False,0.99230408668518,5,False,536,431,0,,,,,,,,,,
14,1,1,47,534.038514852523,Condition,True,True,True,False,1.0047538280487,3,False,316,48,0,,,,,,,,,,
14,1,1,73,993.15,Condition,True,True,True,False,1.01853013038635,3,False,720,122,0,,,,,,,,,,
14,1,1,53,595.230909824371,Condition,True,True,True,False,1.13517498970031,4,False,269,502,0,,,,,,,,,,
14,1,1,50,551.217929840087,Condition,True,True,True,False,1.14124298095703,2,False,159,187,0,,,,,,,,,,
14,1,1,3,99.1983180046081,Initial,True,True,True,False,1.14669513702392,7,True,322,405,0,,,,,,,,,,
14,1,1,70,933.204627037048,Condition,True,True,True,False,1.14700317382812,4,False,238,448,0,,,,,,,,,,
14,1,1,41,413.17423582077,Condition,True,True,True,False,1.15653896331787,7,False,388,62,0,,,,,,,,,,
14,1,1,59,746.329371929168,Condition,True,True,True,False,1.27981305122375,3,True,304,81,0,,,,,,,,,,
14,1,1,63,807.464049816131,Condition,True,True,True,False,1.4207317829132,4,True,644,257,0,,,,,,,,,,
14,1,1,17,274.510604858398,Condition,True,True,True,False,1.43143081665039,2,False,579,243,0,,,,,,,,,,
14,1,1,52,576.554898023605,Condition,True,True,True,False,1.46613121032714,2,False,408,580,0,,,,,,,,,,
14,1,1,39,398.582129955291,Condition,True,True,False,False,1.47623395919799,3,False,553,285,0,,,,,,,,,,
14,1,1,38,397.671975851058,Condition,True,True,True,False,1.55630183219909,2,False,301,127,0,,,,,,,,,,
14,1,1,4,182.806524038314,Condition,True,True,True,False,1.74537110328674,4,False,1115,619,0,,,,,,,,,,
14,1,1,10,239.896888017654,Condition,True,True,True,False,1.84664797782897,3,True,191,617,0,,,,,,,,,,
14,1,1,20,280.056197881698,Condition,True,True,True,False,1.98651003837585,4,False,960,54,0,,,,,,,,,,
14,1,1,56,722.156102895736,Condition,True,True,True,False,2.10647892951965,7,False,578,589,0,,,,,,,,,,
14,1,1,69,913.361238002777,Condition,True,True,True,False,2.2716691493988,7,False,900,402,0,,,,,,,,,,
14,1,1,43,453.550067901611,Condition,True,True,True,False,2.5286099910736,6,False,1033,49,0,,,,,,,,,,
14,1,1,26,292.676223993301,Condition,True,True,True,False,2.56654214859008,2,False,998,615,0,,,,,,,,,,
14,1,1,78,1166.08470296859,End,True,True,True,False,2.99210715293884,3,False,130,573,0,,,,,,,,,,
14,1,1,75,995.101065874099,Condition,True,True,False,False,3.04050087928771,4,True,597,309,0,,,,,,,,,,
14,1,1,2,66.1480209827423,Initial,True,True,True,False,3.05749797821044,5,False,737,522,0,,,,,,,,,,
14,1,1,64,814.867676973342,Condition,True,True,True,False,3.81562209129333,7,True,829,622,0,,,,,,,,,,
14,1,1,72,957.86365199089,Condition,True,True,False,False,3.82800602912902,4,False,992,550,0,,,,,,,,,,
14,1,1,1,10.9349009990692,Initial,True,True,True,False,4.88980412483215,5,False,914,617,0,,,,,,,,,,
14,1,1,0,9.71022200584411,Initial,False,False,True,False,,,,,,0,,,,,,,,,,
14,1,1,6,194.273561000823,Condition,False,True,False,True,,1,True,616,534,0,,,,,,,,,,
14,1,1,8,230.072947978973,Condition,False,True,False,True,,1,False,719,197,0,,,,,,,,,,
14,1,1,14,266.931963920593,Condition,False,True,False,True,,1,False,500,369,0,,,,,,,,,,
14,1,1,15,272.128032922744,Condition,False,True,False,True,,1,False,579,243,0,,,,,,,,,,
14,1,1,16,273.78977894783,Condition,False,False,True,False,,,,,,0,,,,,,,,,,
14,1,1,18,278.542124032974,Condition,False,True,True,True,,1,False,779,162,0,,,,,,,,,,
14,1,1,19,279.263818979263,Condition,False,True,True,True,,1,True,866,101,0,,,,,,,,,,
14,1,1,21,282.584111928939,Condition,False,False,False,False,,,,,,0,,,,,,,,,,
14,1,1,22,283.301024913787,Condition,False,True,False,False,,0,False,369,547,0,,,,,,,,,,
14,1,1,23,285.46095585823,Condition,False,False,False,False,,,,,,0,,,,,,,,,,
14,1,1,24,288.949476003646,Condition,False,True,False,True,,1,True,396,374,0,,,,,,,,,,
14,1,1,25,291.863189935684,Condition,False,False,True,False,,,,,,0,,,,,,,,,,
14,1,1,27,297.045208930969,Condition,False,True,False,True,,1,False,126,629,0,,,,,,,,,,
14,1,1,28,309.890486955642,Condition,False,True,False,True,,1,False,250,281,0,,,,,,,,,,
14,1,1,29,310.888624906539,Condition,False,True,False,True,,1,False,253,281,0,,,,,,,,,,
14,1,1,30,327.44271993637,Condition,False,True,False,True,,1,False,228,463,0,,,,,,,,,,
14,1,1,31,337.08,Condition,False,True,False,True,,1,False,381,162,0,,,,,,,,,,
14,1,1,32,341.837256908416,Condition,False,True,False,True,,1,False,493,234,0,,,,,,,,,,
14,1,1,33,357.241056919097,Condition,False,True,False,False,,0,False,674,508,0,,,,,,,,,,
14,1,1,34,358.344175815582,Condition,False,True,False,True,,1,False,493,234,0,,,,,,,,,,
14,1,1,35,366.05248093605,Condition,False,True,False,False,,0,True,240,212,0,,,,,,,,,,
14,1,1,36,369.263171911239,Condition,False,True,False,True,,1,False,995,339,0,,,,,,,,,,
14,1,1,40,405.976246833801,Condition,False,True,False,True,,1,False,444,464,0,,,,,,,,,,
14,1,1,46,532.303306818008,Condition,False,True,False,True,,1,False,316,48,0,,,,,,,,,,
14,1,1,48,538.848255872726,Condition,False,False,False,False,,,,,,0,,,,,,,,,,
14,1,1,57,741.611580848693,Condition,False,True,False,True,,1,False,258,413,0,,,,,,,,,,
14,1,1,58,745.649323940277,Condition,False,False,True,False,,,,,,0,,,,,,,,,,
14,1,1,62,806.691522836685,Condition,False,False,True,False,,,,,,0,,,,,,,,,,
14,1,1,67,912.37,Condition,False,False,True,False,,,,,,0,,,,,,,,,,
14,1,1,68,912.89543890953,Condition,False,False,True,False,,,,,,0,,,,,,,,,,
14,1,1,74,994.44,Condition,False,False,False,False,,,,,,0,,,,,,,,,,
15,1,1,22,467.612795114517,Condition,True,True,True,False,0.552715063095092,7,False,677,404,0,,,,,,,,,,
15,1,1,37,811.719576120376,Condition,True,True,True,False,0.66027808189392,4,False,443,171,0,,,,,,,,,,
15,1,1,6,211.732648134231,Condition,True,True,True,False,0.672491073608398,2,False,128,386,0,,,,,,,,,,
15,1,1,48,1083.77470707893,End,True,True,True,False,0.711925983428955,7,False,539,125,0,,,,,,,,,,
15,1,1,28,575.801711082458,Condition,True,True,True,False,0.727286100387573,6,False,916,421,0,,,,,,,,,,
15,1,1,47,1038.82026410102,End,True,True,True,False,0.739332914352417,3,False,398,485,0,,,,,,,,,,
15,1,1,21,451.781970024108,Condition,True,True,True,False,0.753211975097656,6,False,1063,82,0,,,,,,,,,,
15,1,1,45,992.973041057586,Condition,True,True,True,False,0.929502010345459,7,False,641,325,0,,,,,,,,,,
15,1,1,29,594.998689174652,Condition,True,True,True,False,0.934775114059448,5,False,865,369,0,,,,,,,,,,
15,1,1,23,495.023310184478,Condition,True,True,True,False,0.944963216781616,6,False,370,503,0,,,,,,,,,,
15,1,1,43,954.997956991195,Condition,True,True,True,False,0.954010963439941,2,False,89,419,0,,,,,,,,,,
15,1,1,36,807.02,Condition,True,True,True,False,0.980669975280761,7,False,983,288,0,,,,,,,,,,
15,1,1,11,257.153321027755,Condition,True,True,True,False,1.06614995002746,2,True,113,474,0,,,,,,,,,,
15,1,1,24,534.106820106506,Condition,True,True,True,False,1.06789994239807,3,True,945,301,0,,,,,,,,,,
15,1,1,16,379.135735988616,Condition,True,True,True,False,1.08389997482299,7,True,331,464,0,,,,,,,,,,
15,1,1,17,397.168534994125,Condition,True,True,True,False,1.08558297157287,6,False,927,201,0,,,,,,,,,,
15,1,1,25,548.173005104064,Condition,True,True,True,False,1.10625100135803,5,False,547,611,0,,,,,,,,,,
15,1,1,14,279.252120971679,Condition,True,True,True,False,1.18329381942749,5,True,612,384,0,,,,,,,,,,
15,1,1,18,398.280376195907,Condition,True,True,False,False,1.24620413780212,3,False,717,412,0,,,,,,,,,,
15,1,1,30,663.383995056152,Condition,True,True,True,False,1.31388401985168,5,False,307,523,0,,,,,,,,,,
15,1,1,12,261.454807996749,Condition,True,True,True,False,1.38468384742736,3,False,876,648,0,,,,,,,,,,
15,1,1,34,803.508359193801,Condition,True,True,True,False,1.42273521423339,3,True,246,325,0,,,,,,,,,,
15,1,1,27,567.52,Condition,True,True,True,False,1.47568798065185,2,False,989,340,0,,,,,,,,,,
15,1,1,3,99.60,Initial,True,True,True,False,1.56157112121582,3,True,233,292,0,,,,,,,,,,
15,1,1,49,1164.72166013717,End,True,True,True,False,1.62170600891113,6,False,1000,515,0,,,,,,,,,,
15,1,1,9,239.704565048217,Condition,True,True,False,False,1.64,7,False,313,205,0,,,,,,,,,,
15,1,1,26,551.687530994415,Condition,True,True,True,False,1.64690780639648,2,False,241,642,0,,,,,,,,,,
15,1,1,5,190.727509021759,Condition,True,True,True,False,1.65198993682861,6,False,883,413,0,,,,,,,,,,
15,1,1,46,993.83,Condition,True,True,False,False,1.71888589859008,7,False,279,247,0,,,,,,,,,,
15,1,1,10,253.772036075592,Condition,True,True,True,False,1.74029898643493,3,False,499,170,0,,,,,,,,,,
15,1,1,33,746.86,Condition,True,True,True,False,1.77374386787414,6,True,1027,559,0,,,,,,,,,,
15,1,1,42,934.038063049316,Condition,True,True,True,False,1.94868302345275,5,False,424,376,0,,,,,,,,,,
15,1,1,19,415.058061122894,Condition,True,True,True,False,2.00340700149536,4,True,121,420,0,,,,,,,,,,
15,1,1,15,292.061733961105,Condition,True,True,True,False,2.01774096488952,2,False,237,397,0,,,,,,,,,,
15,1,1,2,65.33,Initial,True,True,True,False,2.2752239704132,6,True,1102,233,0,,,,,,,,,,
15,1,1,39,839.458561182022,Condition,True,True,True,False,2.38411998748779,4,True,953,578,0,,,,,,,,,,
15,1,1,40,913.612168073654,Condition,True,True,True,False,2.54116606712341,6,True,1076,301,0,,,,,,,,,,
15,1,1,0,8.89566206932067,Initial,True,True,True,False,2.84411692619323,6,False,253,301,0,,,,,,,,,,
15,1,1,13,275.94,Condition,True,True,True,False,2.87803292274475,4,False,1100,118,0,,,,,,,,,,
15,1,1,31,705.97967505455,Condition,True,True,True,False,2.91213107109069,2,False,215,423,0,,,,,,,,,,
15,1,1,7,238.288448095321,Condition,True,True,True,False,3.24519395828247,6,True,80,486,0,,,,,,,,,,
15,1,1,44,958.42824602127,Condition,True,True,True,False,3.33547592163085,6,False,1117,142,0,,,,,,,,,,
15,1,1,4,186.696187973022,Condition,True,True,True,False,5.58969283103942,2,True,773,170,0,,,,,,,,,,
15,1,1,32,725.974208116531,Condition,True,True,True,False,5.85827994346618,7,True,117,163,0,,,,,,,,,,
15,1,1,35,805.75,Condition,True,True,False,False,6.70826697349548,2,False,898,116,0,,,,,,,,,,
15,1,1,20,418.918609142303,Condition,True,True,False,False,6.89255714416503,6,False,426,49,0,,,,,,,,,,
15,1,1,38,833.332036972045,Condition,True,True,True,False,7.28398084640502,2,False,712,114,0,,,,,,,,,,
15,1,1,1,30.3512380123138,Initial,False,True,False,True,,1,False,77,364,0,,,,,,,,,,
15,1,1,8,239.280323982238,Condition,False,False,False,False,,,,,,0,,,,,,,,,,
15,1,1,41,927.477822065353,Condition,False,True,False,True,,1,True,957,609,0,,,,,,,,,,
16,1,1,14,290.805130958557,Condition,True,True,True,False,0.729948043823242,6,False,692,168,0,,,,,,,,,,
16,1,1,42,932.919372797012,Condition,True,True,True,False,0.870240926742553,5,False,404,421,0,,,,,,,,,,
16,1,1,10,256.993750810623,Condition,True,True,True,False,0.880537033081054,5,False,738,212,0,,,,,,,,,,
16,1,1,31,662.95,Condition,True,True,True,False,0.884314060211181,5,False,271,503,0,,,,,,,,,,
16,1,1,26,551.129598855972,Condition,True,True,True,False,1.0577208995819,5,False,466,138,0,,,,,,,,,,
16,1,1,11,261.118904829025,Condition,True,True,True,False,1.06381583213806,5,False,427,75,0,,,,,,,,,,
16,1,1,50,1164.14736890792,End,True,True,True,False,1.0900330543518,3,False,693,361,0,,,,,,,,,,
16,1,1,4,182.299073934555,Condition,True,True,True,False,1.2678050994873,5,False,436,305,0,,,,,,,,,,
16,1,1,36,803.325129985809,Condition,True,True,True,False,1.27100706100463,6,True,518,397,0,,,,,,,,,,
16,1,1,37,807.322240829467,Condition,True,True,True,False,1.29884195327758,6,True,396,195,0,,,,,,,,,,
16,1,1,9,253.344913959503,Condition,True,True,True,False,1.31209707260131,7,False,836,171,0,,,,,,,,,,
16,1,1,8,239.490773916244,Condition,True,True,True,False,1.4019010066986,3,False,341,239,0,,,,,,,,,,
16,1,1,41,912.476642847061,Condition,True,True,True,False,1.42753386497497,6,False,908,176,0,,,,,,,,,,
16,1,1,34,746.54103398323,Condition,True,True,True,False,1.47630620002746,3,False,299,461,0,,,,,,,,,,
16,1,1,1,64.65,Initial,True,True,True,False,1.60113906860351,3,False,886,69,0,,,,,,,,,,
16,1,1,7,236.742876768112,Condition,True,True,True,False,1.68610095977783,3,False,535,228,0,,,,,,,,,,
16,1,1,24,496.206281900405,Condition,True,True,True,False,2.1153450012207,4,True,459,287,0,,,,,,,,,,
16,1,1,33,722.383243799209,Condition,True,True,True,False,2.31124091148376,3,False,208,615,0,,,,,,,,,,
16,1,1,45,994.494923830032,Condition,True,True,True,False,2.4037230014801,7,True,651,605,0,,,,,,,,,,
16,1,1,12,275.47528386116,Condition,True,True,True,False,2.42334794998168,2,False,330,113,0,,,,,,,,,,
16,1,1,35,801.60,Condition,True,True,True,False,2.5397720336914,7,False,254,103,0,,,,,,,,,,
16,1,1,49,1085.67523288726,End,True,True,True,False,2.63708090782165,2,False,763,301,0,,,,,,,,,,
16,1,1,39,828.777809858322,Condition,True,True,True,False,2.66917490959167,7,False,613,385,0,,,,,,,,,,
16,1,1,30,596.74921798706,Condition,True,True,True,False,2.6904661655426,7,False,169,520,0,,,,,,,,,,
16,1,1,29,577.94,Condition,True,True,True,False,2.86813902854919,2,True,420,520,0,,,,,,,,,,
16,1,1,28,568.916500806808,Condition,True,True,True,False,2.87072992324829,6,True,776,335,0,,,,,,,,,,
16,1,1,25,536.143596887588,Condition,True,True,True,False,3.09807801246643,7,False,787,214,0,,,,,,,,,,
16,1,1,46,995.13943195343,Condition,True,True,False,False,3.110769033432,6,False,634,621,0,,,,,,,,,,
16,1,1,3,101.203178882598,Initial,True,True,True,False,3.15899491310119,6,True,704,429,0,,,,,,,,,,
16,1,1,23,470.31,Condition,True,True,True,False,3.23068690299987,7,True,578,623,0,,,,,,,,,,
16,1,1,22,454.556036949157,Condition,True,True,True,False,3.48505306243896,6,False,742,605,0,,,,,,,,,,
16,1,1,38,814.90,Condition,True,True,True,False,3.84900403022766,3,False,123,222,0,,,,,,,,,,
16,1,1,17,401.020184993743,Condition,True,True,True,False,3.95240402221679,2,False,776,73,0,,,,,,,,,,
16,1,1,5,193.140740871429,Condition,True,True,True,False,4.05462598800659,3,False,1010,409,0,,,,,,,,,,
16,1,1,13,282.411809921264,Condition,True,True,True,False,4.32160115242004,7,False,629,499,0,,,,,,,,,,
16,1,1,43,958.531113862991,Condition,True,True,True,False,4.43500995635986,4,False,1092,652,0,,,,,,,,,,
16,1,1,0,10.6853759288787,Initial,True,True,True,False,4.64982509613037,4,False,137,603,0,,,,,,,,,,
16,1,1,15,383.319516897201,Condition,True,True,True,False,5.29023098945617,4,False,960,504,0,,,,,,,,,,
16,1,1,27,552.394605875015,Condition,True,True,False,False,5.29552507400512,5,False,132,60,0,,,,,,,,,,
16,1,1,47,1043.41457891464,End,True,True,True,False,5.35951399803161,3,False,943,499,0,,,,,,,,,,
16,1,1,20,418.829401969909,Condition,True,True,True,False,5.78952813148498,4,True,489,186,0,,,,,,,,,,
16,1,1,32,709.33958697319,Condition,True,True,True,False,6.26604413986206,3,False,72,606,0,,,,,,,,,,
16,1,1,44,961.615389823913,Condition,True,True,False,False,6.55386090278625,4,True,476,558,0,,,,,,,,,,
16,1,1,6,217.77900481224,Condition,True,True,True,False,6.72197198867797,7,False,423,224,0,,,,,,,,,,
16,1,1,40,843.854566812515,Condition,True,True,True,False,6.8213939666748,4,True,220,125,0,,,,,,,,,,
16,1,1,21,422.53,Condition,True,True,False,False,10.448588848114,7,False,70,97,0,,,,,,,,,,
16,1,1,2,98.9745678901672,Initial,False,False,True,False,,,,,,0,,,,,,,,,,
16,1,1,16,400.323569774627,Condition,False,False,True,False,,,,,,0,,,,,,,,,,
16,1,1,19,413.522300958633,Condition,False,False,True,False,,,,,,0,,,,,,,,,,
16,1,1,48,1043.41474199295,End,False,True,False,False,,0,False,948,507,0,,,,,,,,,,
17,1,1,14,290.501084804534,Condition,True,True,True,False,0.485062837600708,3,True,526,370,0,,,,,,,,,,
17,1,1,8,252.557314872741,Condition,True,True,True,False,0.549308061599731,6,True,80,507,0,,,,,,,,,,
17,1,1,24,494.84426498413,Condition,True,True,True,False,0.770392179489135,7,False,849,414,0,,,,,,,,,,
17,1,1,12,273.809006929397,Condition,True,True,True,False,0.79048204421997,7,True,442,370,0,,,,,,,,,,
17,1,1,32,663.306594848632,Condition,True,True,True,False,1.21798992156982,6,False,410,438,0,,,,,,,,,,
17,1,1,25,534.637777805328,Condition,True,True,True,False,1.52735495567321,6,True,433,403,0,,,,,,,,,,
17,1,1,40,827.760064840316,Condition,True,True,True,False,1.70675492286682,7,False,854,178,0,,,,,,,,,,
17,1,1,33,704.874788999557,Condition,True,True,True,False,1.75704598426818,7,True,97,465,0,,,,,,,,,,
17,1,1,1,64.8744008541107,Initial,True,True,True,False,1.78607892990112,6,False,470,248,0,,,,,,,,,,
17,1,1,5,212.880908966064,Condition,True,True,True,False,1.86821413040161,2,False,923,489,0,,,,,,,,,,
17,1,1,52,1084.90789580345,End,True,True,True,False,1.87686395645141,3,False,100,71,0,,,,,,,,,,
17,1,1,11,262.035492897033,Condition,True,True,True,False,1.96791291236877,2,False,924,651,0,,,,,,,,,,
17,1,1,26,549.396884918212,Condition,True,True,True,False,2.3552279472351,2,False,396,572,0,,,,,,,,,,
17,1,1,53,1165.41888499259,End,True,True,True,False,2.36784601211547,7,False,148,169,0,,,,,,,,,,
17,1,1,10,258.467855930328,Condition,True,True,True,False,2.44845509529113,2,False,1035,211,0,,,,,,,,,,
17,1,1,6,237.710916996002,Condition,True,True,True,False,2.65604710578918,6,False,166,88,0,,,,,,,,,,
17,1,1,29,568.77,Condition,True,True,True,False,2.71573996543884,4,False,270,476,0,,,,,,,,,,
17,1,1,7,240.81221795082,Condition,True,True,True,False,2.71636509895324,2,False,432,637,0,,,,,,,,,,
17,1,1,35,747.82,Condition,True,True,True,False,2.71681785583496,5,True,307,586,0,,,,,,,,,,
17,1,1,27,552.84,Condition,True,True,True,False,2.73438692092895,4,False,115,157,0,,,,,,,,,,
17,1,1,31,596.921647787094,Condition,True,True,True,False,2.85595297813415,4,False,412,313,0,,,,,,,,,,
17,1,1,17,400.011569976806,Condition,True,True,True,False,2.9530611038208,5,False,1022,386,0,,,,,,,,,,
17,1,1,4,192.052410840988,Condition,True,True,False,False,2.96287298202514,6,True,773,455,0,,,,,,,,,,
17,1,1,16,381.07409286499,Condition,True,True,True,False,3.00071787834167,7,True,158,134,0,,,,,,,,,,
17,1,1,20,454.138005971908,Condition,True,True,True,False,3.04629898071289,6,False,687,455,0,,,,,,,,,,
17,1,1,49,995.195983886718,Condition,True,True,True,False,3.10338592529296,7,False,1127,436,0,,,,,,,,,,
17,1,1,13,281.19,Condition,True,True,True,False,3.12272000312805,2,False,554,48,0,,,,,,,,,,
17,1,1,30,578.276721000671,Condition,True,True,True,False,3.21576404571533,2,False,208,246,0,,,,,,,,,,
17,1,1,19,416.408497810363,Condition,True,True,False,False,3.38410186767578,7,False,636,492,0,,,,,,,,,,
17,1,1,18,415.463083982467,Condition,True,True,True,False,3.39290499687194,6,False,943,410,0,,,,,,,,,,
17,1,1,22,471.093933820724,Condition,True,True,True,False,4.04501080513,4,False,449,654,0,,,,,,,,,,
17,1,1,39,815.619264841079,Condition,True,True,False,False,4.55491685867309,4,True,716,50,0,,,,,,,,,,
17,1,1,0,10.7104878425598,Initial,True,True,True,False,4.64313793182373,7,True,522,200,0,,,,,,,,,,
17,1,1,51,1042.76574897766,End,True,True,True,False,4.71,7,True,608,331,0,,,,,,,,,,
17,1,1,47,959.98,Condition,True,True,True,False,4.90496206283569,4,False,909,263,0,,,,,,,,,,
17,1,1,46,937.179688930511,Condition,True,True,True,False,5.09907507896423,3,False,109,315,0,,,,,,,,,,
17,1,1,38,811.211444854736,Condition,True,True,True,False,5.18115901947021,4,False,709,554,0,,,,,,,,,,
17,1,1,50,997.39,Condition,True,True,False,False,5.36384081840515,4,False,118,535,0,,,,,,,,,,
17,1,1,36,807.693213939666,Condition,True,True,True,False,5.59,3,True,99,375,0,,,,,,,,,,
17,1,1,43,916.70,Condition,True,True,True,False,5.63261198997497,7,False,343,395,0,,,,,,,,,,
17,1,1,34,726.509108781814,Condition,True,True,True,False,6.41805577278137,3,True,247,548,0,,,,,,,,,,
17,1,1,48,961.131109952926,Condition,True,True,False,False,7.0514600276947,5,False,1041,341,0,,,,,,,,,,
17,1,1,41,845.924016952514,Condition,True,True,True,False,8.82651114463806,5,False,307,586,0,,,,,,,,,,
17,1,1,37,808.551242828369,Condition,True,True,False,False,9.50203394889831,4,False,114,386,0,,,,,,,,,,
17,1,1,3,190.947515010833,Condition,True,True,True,False,9.87171506881713,2,False,142,601,0,,,,,,,,,,
17,1,1,2,108.449155807495,Initial,True,True,True,False,10.377956867218,7,False,133,152,0,,,,,,,,,,
17,1,1,9,257.306258916854,Condition,False,False,True,False,,,,,,0,,,,,,,,,,
17,1,1,15,380.21,Condition,False,False,True,False,,,,,,0,,,,,,,,,,
17,1,1,21,470.458383798599,Condition,False,False,True,False,,,,,,0,,,,,,,,,,
17,1,1,23,479.603911876678,Condition,False,True,False,False,,0,False,1083,72,0,,,,,,,,,,
17,1,1,28,567.905475854873,Condition,False,False,True,False,,,,,,0,,,,,,,,,,
17,1,1,42,915.880178928375,Condition,False,False,True,False,,,,,,0,,,,,,,,,,
17,1,1,44,935.452047824859,Condition,False,False,True,False,,,,,,0,,,,,,,,,,
17,1,1,45,936.181553840637,Condition,False,False,True,False,,,,,,0,,,,,,,,,,
18,0,0,3,98.6411039829254,Initial,True,True,True,False,0.542325019836425,2,False,1295,531,0,,,,,,,,,,
18,0,0,9,918.783876895904,Condition,True,True,True,False,0.726497888565063,2,False,1120,296,0,,,,,,,,,,
18,0,0,7,446.894645929336,Condition,True,True,True,False,0.834663867950439,3,True,975,886,0,,,,,,,,,,
18,0,0,1,7.02,Initial,True,True,True,False,1.01729893684387,3,True,752,475,0,,,,,,,,,,
18,0,0,4,175.434238910675,Condition,True,True,True,False,1.34746885299682,3,False,1091,510,0,,,,,,,,,,
18,0,0,11,1084.48133397102,End,True,True,True,False,1.45555210113525,3,False,269,77,0,,,,,,,,,,
18,0,0,12,1164.59779691696,End,True,True,True,False,1.53900599479675,2,False,269,77,0,,,,,,,,,,
18,0,0,12,1164.59779691696,End,True,True,True,False,1.53900599479675,2,False,269,77,0,,,,,,,,,,
18,0,0,10,1039.77829194068,End,True,True,True,False,1.73537492752075,3,False,728,180,0,,,,,,,,,,
18,0,0,6,324.802718877792,Condition,True,True,True,False,2.73665499687194,2,False,600,778,0,,,,,,,,,,
18,0,0,8,653.109427928924,Condition,True,True,True,False,3.03491187095642,2,False,1200,920,0,,,,,,,,,,
18,0,0,2,67.1204860210418,Initial,True,True,True,False,4.07375407218933,2,False,617,230,0,,,,,,,,,,
18,0,0,0,6.68006992340087,Initial,False,False,True,False,,,,,,0,,,,,,,,,,
18,0,0,5,324.147003889083,Condition,False,False,True,False,,,,,,0,,,,,,,,,,
19,1,1,39,594.97,Condition,True,True,True,False,0.928761959075927,3,True,412,574,0,,,,,,,,,,
19,1,1,23,397.607825040817,Condition,True,True,True,False,1.49534797668457,7,True,1070,281,0,,,,,,,,,,
19,1,1,51,912.56,Condition,True,True,True,False,1.51990604400634,2,False,541,318,0,,,,,,,,,,
19,1,1,25,413.805823087692,Condition,True,True,True,False,1.76839613914489,3,True,573,62,0,,,,,,,,,,
19,1,1,41,704.99,Condition,True,True,True,False,1.92253494262695,6,False,1113,54,0,,,,,,,,,,
19,1,1,52,934.097532987594,Condition,True,True,True,False,2.03397297859191,2,True,879,384,0,,,,,,,,,,
19,1,1,9,191.099642038345,Condition,True,True,True,False,2.06508803367614,5,False,578,565,0,,,,,,,,,,
19,1,1,50,839.187972068786,Condition,True,True,True,False,2.15456891059875,5,True,207,600,0,,,,,,,,,,
19,1,1,18,275.32929110527,Condition,True,True,True,False,2.29134011268615,7,False,364,587,0,,,,,,,,,,
19,1,1,29,469.56,Condition,True,True,True,False,2.44786214828491,5,False,157,611,0,,,,,,,,,,
19,1,1,44,801.532298088073,Condition,True,True,True,False,2.49042797088623,3,True,115,315,0,,,,,,,,,,
19,1,1,49,828.652673006057,Condition,True,True,True,False,2.57917094230651,5,True,710,268,0,,,,,,,,,,
19,1,1,19,280.814556121826,Condition,True,True,True,False,2.72014594078063,5,False,286,58,0,,,,,,,,,,
19,1,1,55,995.110728025436,Condition,True,True,True,False,2.98687887191772,5,False,659,377,0,,,,,,,,,,
19,1,1,26,416.334510087966,Condition,True,True,False,False,3.24843597412109,7,False,455,268,0,,,,,,,,,,
19,1,1,0,9.35018706321716,Initial,True,True,True,False,3.2626519203186,3,True,985,165,0,,,,,,,,,,
19,1,1,38,578.334705114364,Condition,True,True,True,False,3.30559515953063,5,False,413,603,0,,,,,,,,,,
19,1,1,47,815.118016004562,Condition,True,True,False,False,3.36048483848571,3,False,541,351,0,,,,,,,,,,
19,1,1,28,454.423897027969,Condition,True,True,True,False,3.36714792251586,6,False,286,425,0,,,,,,,,,,
19,1,1,45,805.535550117492,Condition,True,True,True,False,3.45603895187377,4,False,228,651,0,,,,,,,,,,
19,1,1,11,238.596491098403,Condition,True,True,True,False,3.4955461025238,2,True,1028,222,0,,,,,,,,,,
19,1,1,37,569.620376110076,Condition,True,True,True,False,3.50477600097656,3,False,552,516,0,,,,,,,,,,
19,1,1,16,263.610716104507,Condition,True,True,True,False,3.52292013168334,2,False,573,154,0,,,,,,,,,,
19,1,1,24,400.64357304573,Condition,True,True,False,False,3.5905110836029,6,False,874,145,0,,,,,,,,,,
19,1,1,53,958.692929029464,Condition,True,True,True,False,3.64925098419189,6,False,333,263,0,,,,,,,,,,
19,1,1,2,66.83,Initial,True,True,True,False,3.74651098251342,7,False,683,216,0,,,,,,,,,,
19,1,1,57,1041.91694498062,End,True,True,True,False,3.81891798973083,5,True,844,611,0,,,,,,,,,,
19,1,1,42,723.900504112243,Condition,True,True,True,False,3.88126897811889,7,False,619,165,0,,,,,,,,,,
19,1,1,22,382.14490699768,Condition,True,True,True,False,4.08556294441223,6,True,790,536,0,,,,,,,,,,
19,1,1,20,294.25996017456,Condition,True,True,True,False,4.24775218963623,2,False,791,143,0,,,,,,,,,,
19,1,1,32,498.295277118682,Condition,True,True,True,False,4.25877404212951,3,False,730,477,0,,,,,,,,,,
19,1,1,10,215.729403018951,Condition,True,True,True,False,4.64381384849548,2,False,727,334,0,,,,,,,,,,
19,1,1,40,667.098088026046,Condition,True,True,True,False,5.07415604591369,3,False,571,253,0,,,,,,,,,,
19,1,1,15,257.29,Condition,True,True,True,False,5.22077798843383,6,False,122,420,0,,,,,,,,,,
19,1,1,43,750.479094028472,Condition,True,True,True,False,5.39930486679077,3,False,961,379,0,,,,,,,,,,
19,1,1,56,997.788843154907,Condition,True,True,False,False,5.72609519958496,5,False,880,494,0,,,,,,,,,,
19,1,1,35,552.941560029983,Condition,True,True,True,False,5.87508201599121,7,False,285,635,0,,,,,,,,,,
19,1,1,14,244.050836086273,Condition,True,True,False,False,5.96,7,False,958,143,0,,,,,,,,,,
19,1,1,58,1089.27153801918,End,True,True,True,False,6.17,2,False,1056,488,0,,,,,,,,,,
19,1,1,8,187.322169065475,Condition,True,True,True,False,6.27,2,False,584,56,0,,,,,,,,,,
19,1,1,54,960.530105113983,Condition,True,True,False,False,6.48907899856567,4,False,520,139,0,,,,,,,,,,
19,1,1,36,556.695204019546,Condition,True,True,False,False,6.64474606513977,3,False,146,365,0,,,,,,,,,,
19,1,1,46,812.814886093139,Condition,True,True,True,False,6.76545596122741,2,False,586,571,0,,,,,,,,,,
19,1,1,4,105.151640176773,Initial,True,True,True,False,7.1029782295227,7,True,899,115,0,,,,,,,,,,
19,1,1,33,540.347249031066,Condition,True,True,True,False,7.27,4,False,878,511,0,,,,,,,,,,
19,1,1,59,1170.76139497756,End,True,True,True,False,7.70,2,False,507,633,0,,,,,,,,,,
19,1,1,17,264.57982301712,Condition,True,True,False,False,8.50868391990661,2,False,791,143,0,,,,,,,,,,
19,1,1,1,55.4794931411743,Initial,False,True,False,False,,0,False,616,603,0,,,,,,,,,,
19,1,1,3,104.581226110458,Initial,False,False,True,False,,,,,,0,,,,,,,,,,
19,1,1,5,124.260442972183,Condition,False,True,False,False,,0,False,674,96,0,,,,,,,,,,
19,1,1,6,185.808362960815,Condition,False,False,True,False,,,,,,0,,,,,,,,,,
19,1,1,7,186.690229177474,Condition,False,False,True,False,,,,,,0,,,,,,,,,,
19,1,1,12,242.474648952484,Condition,False,False,False,False,,,,,,0,,,,,,,,,,
19,1,1,13,243.407350063323,Condition,False,False,False,False,,,,,,0,,,,,,,,,,
19,1,1,21,381.27,Condition,False,False,True,False,,,,,,0,,,,,,,,,,
19,1,1,27,444.643435955047,Condition,False,False,False,False,,,,,,0,,,,,,,,,,
19,1,1,30,476.098066091537,Condition,False,False,False,False,,,,,,0,,,,,,,,,,
19,1,1,31,477.648321151733,Condition,False,False,False,False,,,,,,0,,,,,,,,,,
19,1,1,34,552.248522043228,Condition,False,False,True,False,,,,,,0,,,,,,,,,,
19,1,1,48,827.737123012542,Condition,False,False,True,False,,,,,,0,,,,,,,,,,
20,1,0,0,7.16399979591369,Initial,TRUE,TRUE,TRUE,FALSE,1.05499982833862,2,FALSE,436,347,0,,,,,,,,,,
20,1,0,13,279.180999994277,Condition,TRUE,TRUE,TRUE,FALSE,1.11700010299682,2,FALSE,605,528,0,,,,,,,,,,
20,1,0,22,468.286999940872,Condition,TRUE,TRUE,TRUE,FALSE,1.17700004577636,3,TRUE,132,464,0,,,,,,,,,,
20,1,0,6,212.219999790191,Condition,TRUE,TRUE,TRUE,FALSE,1.17999982833862,2,FALSE,271,88,0,,,,,,,,,,
20,1,0,7,236.271999835968,Condition,TRUE,TRUE,TRUE,FALSE,1.17999982833862,3,TRUE,559,341,0,,,,,,,,,,
20,1,0,10,257.254999876022,Condition,TRUE,TRUE,TRUE,FALSE,1.18899989128112,2,FALSE,787,600,0,,,,,,,,,,
20,1,0,40,838.292999982833,Condition,TRUE,TRUE,TRUE,FALSE,1.22100019454956,3,FALSE,301,590,0,,,,,,,,,,
20,1,0,14,291.307999849319,Condition,TRUE,TRUE,TRUE,FALSE,1.24600005149841,2,TRUE,661,565,0,,,,,,,,,,
20,1,0,39,827.363999843597,Condition,TRUE,TRUE,TRUE,FALSE,1.32599997520446,2,FALSE,831,235,0,,,,,,,,,,
20,1,0,1,64.4079999923706,Initial,TRUE,TRUE,TRUE,FALSE,1.35700011253356,3,TRUE,628,232,0,,,,,,,,,,
20,1,0,28,576.536999940872,Condition,TRUE,TRUE,TRUE,FALSE,1.47500014305114,2,TRUE,954,209,0,,,,,,,,,,
20,1,0,43,955.804999828338,Condition,TRUE,TRUE,TRUE,FALSE,1.69199991226196,3,TRUE,400,236,0,,,,,,,,,,
20,1,0,42,933.798999786377,Condition,TRUE,TRUE,TRUE,FALSE,1.71499991416931,3,FALSE,171,87,0,,,,,,,,,,
20,1,0,4,182.811999797821,Condition,TRUE,TRUE,TRUE,FALSE,1.74399995803833,2,FALSE,305,329,0,,,,,,,,,,
20,1,0,36,803.815999984741,Condition,TRUE,TRUE,TRUE,FALSE,1.75100016593933,3,FALSE,521,430,0,,,,,,,,,,
20,1,0,34,746.819999933242,Condition,TRUE,TRUE,TRUE,FALSE,1.78500008583068,2,TRUE,657,454,0,,,,,,,,,,
20,1,0,19,414.949999809265,Condition,TRUE,TRUE,TRUE,FALSE,1.85099983215332,2,FALSE,434,353,0,,,,,,,,,,
20,1,0,2,99.9689998626709,Initial,TRUE,TRUE,TRUE,FALSE,1.85699987411499,2,TRUE,474,54,0,,,,,,,,,,
20,1,0,17,398.961999893188,Condition,TRUE,TRUE,TRUE,FALSE,1.92700004577636,3,TRUE,1054,282,0,,,,,,,,,,
20,1,0,45,993.987999916076,Condition,TRUE,TRUE,TRUE,FALSE,1.95700001716613,2,TRUE,134,319,0,,,,,,,,,,
20,1,0,23,496.086999893188,Condition,TRUE,TRUE,TRUE,FALSE,2.08500003814697,2,FALSE,171,341,0,,,,,,,,,,
20,1,0,48,1085.2049999237,End,TRUE,TRUE,TRUE,FALSE,2.13199996948242,2,FALSE,731,525,0,,,,,,,,,,
20,1,0,8,240.207999944686,Condition,TRUE,TRUE,TRUE,FALSE,2.17000007629394,3,TRUE,146,481,0,,,,,,,,,,
20,1,0,47,1040.27099990844,End,TRUE,TRUE,TRUE,FALSE,2.21799993515014,3,FALSE,627,416,0,,,,,,,,,,
20,1,0,25,552.293999910354,Condition,TRUE,TRUE,TRUE,FALSE,2.22900009155273,3,FALSE,285,571,0,,,,,,,,,,
20,1,0,35,801.263000011444,Condition,TRUE,TRUE,TRUE,FALSE,2.22900009155273,2,FALSE,1029,241,0,,,,,,,,,,
20,1,0,5,191.409999847412,Condition,TRUE,TRUE,TRUE,FALSE,2.33699989318847,3,FALSE,1042,370,0,,,,,,,,,,
20,1,0,27,568.365999937057,Condition,TRUE,TRUE,TRUE,FALSE,2.3380000591278,2,FALSE,982,654,0,,,,,,,,,,
20,1,0,21,453.40599989891,Condition,TRUE,TRUE,TRUE,FALSE,2.34299993515014,2,FALSE,966,180,0,,,,,,,,,,
20,1,0,30,664.427999973297,Condition,TRUE,TRUE,TRUE,FALSE,2.35500001907348,3,FALSE,638,209,0,,,,,,,,,,
20,1,0,12,275.594999790191,Condition,TRUE,TRUE,TRUE,FALSE,2.51699995994567,2,FALSE,153,119,0,,,,,,,,,,
20,1,0,11,262.665999889373,Condition,TRUE,TRUE,TRUE,FALSE,2.58200001716613,3,FALSE,400,521,0,,,,,,,,,,
20,1,0,9,254.664999961853,Condition,TRUE,TRUE,TRUE,FALSE,2.58700013160705,3,FALSE,1003,153,0,,,,,,,,,,
20,1,0,44,957.919999837875,Condition,TRUE,TRUE,FALSE,FALSE,2.91499996185302,2,FALSE,1082,439,0,,,,,,,,,,
20,1,0,46,995.040999889373,Condition,TRUE,TRUE,FALSE,FALSE,2.95199990272521,2,TRUE,922,558,0,,,,,,,,,,
20,1,0,32,706.211999893188,Condition,TRUE,TRUE,TRUE,FALSE,3.14400005340576,2,FALSE,839,271,0,,,,,,,,,,
20,1,0,49,1166.24299979209,End,TRUE,TRUE,TRUE,FALSE,3.18299984931945,2,FALSE,945,523,0,,,,,,,,,,
20,1,0,37,809.452999830246,Condition,TRUE,TRUE,TRUE,FALSE,3.37100005149841,3,FALSE,393,383,0,,,,,,,,,,
20,1,0,41,914.572999954223,Condition,TRUE,TRUE,TRUE,FALSE,3.51600003242492,2,FALSE,438,601,0,,,,,,,,,,
20,1,0,29,598.472999811172,Condition,TRUE,TRUE,TRUE,FALSE,4.36299991607666,3,FALSE,857,170,0,,,,,,,,,,
20,1,0,24,537.615000009536,Condition,TRUE,TRUE,TRUE,FALSE,4.55400013923645,2,FALSE,818,211,0,,,,,,,,,,
20,1,0,18,400.737999916076,Condition,TRUE,TRUE,FALSE,FALSE,4.71900010108947,3,FALSE,580,318,0,,,,,,,,,,
20,1,0,20,417.674999952316,Condition,TRUE,TRUE,FALSE,FALSE,5.64199995994567,2,TRUE,740,609,0,,,,,,,,,,
20,1,0,15,383.939999818801,Condition,TRUE,TRUE,TRUE,FALSE,5.88999986648559,3,FALSE,1004,103,0,,,,,,,,,,
20,1,0,38,817.15399980545,Condition,TRUE,TRUE,TRUE,FALSE,6.14699983596801,2,FALSE,345,211,0,,,,,,,,,,
20,1,0,33,726.360999822616,Condition,TRUE,TRUE,TRUE,FALSE,6.3289999961853,3,FALSE,1035,98,0,,,,,,,,,,
20,1,0,26,554.423999786377,Condition,TRUE,TRUE,FALSE,FALSE,7.36699986457824,3,FALSE,147,56,0,,,,,,,,,,
20,1,0,3,182.4359998703,Condition,FALSE,FALSE,TRUE,FALSE,,,,,,0,,,,,,,,,,
20,1,0,16,383.941999912261,Condition,FALSE,TRUE,FALSE,FALSE,,0,FALSE,1002,117,0,,,,,,,,,,
20,1,0,31,705.523999929428,Condition,FALSE,FALSE,TRUE,FALSE,,,,,,0,,,,,,,,,,
21,1,0,8,189.700228929519,Condition,TRUE,TRUE,TRUE,FALSE,0.632990837097168,3,FALSE,182,537,0,,,,,,,,,,
21,1,0,33,533.819768905639,Condition,TRUE,TRUE,TRUE,FALSE,0.788117885589599,2,FALSE,800,367,0,,,,,,,,,,
21,1,0,10,235.830153942108,Condition,TRUE,TRUE,TRUE,FALSE,0.789898157119751,3,FALSE,839,460,0,,,,,,,,,,
21,1,0,5,99.3606119155883,Initial,TRUE,TRUE,TRUE,FALSE,1.29504609107971,3,FALSE,292,633,0,,,,,,,,,,
21,1,0,28,413.454187870025,Condition,TRUE,TRUE,TRUE,FALSE,1.36059594154357,3,FALSE,785,203,0,,,,,,,,,,
21,1,0,59,1164.54461503028,End,TRUE,TRUE,TRUE,FALSE,1.42770814895629,2,FALSE,766,649,0,,,,,,,,,,
21,1,0,53,956.507601976394,Condition,TRUE,TRUE,TRUE,FALSE,1.43598890304565,2,FALSE,444,556,0,,,,,,,,,,
21,1,0,15,261.600733041763,Condition,TRUE,TRUE,TRUE,FALSE,1.55098319053649,2,FALSE,1119,473,0,,,,,,,,,,
21,1,0,38,595.696887016296,Condition,TRUE,TRUE,TRUE,FALSE,1.62416505813598,3,TRUE,502,598,0,,,,,,,,,,
21,1,0,7,182.902944803237,Condition,TRUE,TRUE,TRUE,FALSE,1.84044694900512,2,TRUE,531,138,0,,,,,,,,,,
21,1,0,13,254.029614925384,Condition,TRUE,TRUE,TRUE,FALSE,2.00199007987976,3,TRUE,629,512,0,,,,,,,,,,
21,1,0,42,705.710149049758,Condition,TRUE,TRUE,TRUE,FALSE,2.59615516662597,2,FALSE,1051,186,0,,,,,,,,,,
21,1,0,45,801.738153934478,Condition,TRUE,TRUE,TRUE,FALSE,2.64139986038208,3,TRUE,1033,141,0,,,,,,,,,,
21,1,0,35,552.91686797142,Condition,TRUE,TRUE,FALSE,FALSE,2.89153003692626,3,FALSE,316,351,0,,,,,,,,,,
21,1,0,44,747.986448049545,Condition,TRUE,TRUE,TRUE,FALSE,2.90146613121032,3,FALSE,934,124,0,,,,,,,,,,
21,1,0,48,814.017122983932,Condition,TRUE,TRUE,FALSE,FALSE,2.90466618537902,3,TRUE,171,506,0,,,,,,,,,,
21,1,0,9,214.456415891647,Condition,TRUE,TRUE,TRUE,FALSE,3.39159202575683,2,TRUE,86,626,0,,,,,,,,,,
21,1,0,34,550.52290391922,Condition,TRUE,TRUE,TRUE,FALSE,3.43370604515075,3,FALSE,728,652,0,,,,,,,,,,
21,1,0,14,259.591130971908,Condition,TRUE,TRUE,TRUE,FALSE,3.52702784538269,2,TRUE,603,628,0,,,,,,,,,,
21,1,0,2,9.95906805992126,Initial,TRUE,TRUE,TRUE,FALSE,3.91334819793701,2,TRUE,180,190,0,,,,,,,,,,
21,1,0,31,471.2006919384,Condition,TRUE,TRUE,TRUE,FALSE,4.1631178855896,3,FALSE,732,111,0,,,,,,,,,,
21,1,0,32,498.34559893608,Condition,TRUE,TRUE,TRUE,FALSE,4.234060049057,2,FALSE,129,211,0,,,,,,,,,,
21,1,0,36,570.61311507225,Condition,TRUE,TRUE,TRUE,FALSE,4.5159420967102,2,FALSE,932,392,0,,,,,,,,,,
21,1,0,4,67.6364560127258,Initial,TRUE,TRUE,TRUE,FALSE,4.54854702949523,3,FALSE,336,407,0,,,,,,,,,,
21,1,0,54,958.663572788238,Condition,TRUE,TRUE,FALSE,FALSE,4.6210880279541,3,FALSE,631,131,0,,,,,,,,,,
21,1,0,57,1042.85608315467,End,TRUE,TRUE,TRUE,FALSE,4.78088235855102,3,FALSE,290,535,0,,,,,,,,,,
21,1,0,12,242.977466106414,Condition,TRUE,TRUE,TRUE,FALSE,4.89437317848205,3,TRUE,641,340,0,,,,,,,,,,
21,1,0,40,667.187271118164,Condition,TRUE,TRUE,TRUE,FALSE,5.09665322303772,2,FALSE,1069,473,0,,,,,,,,,,
21,1,0,37,581.769472837448,Condition,TRUE,TRUE,TRUE,FALSE,6.66550970077514,2,FALSE,494,429,0,,,,,,,,,,
21,1,0,30,457.892660856246,Condition,TRUE,TRUE,TRUE,FALSE,6.77614593505859,3,FALSE,326,205,0,,,,,,,,,,
21,1,0,52,938.869879007339,Condition,TRUE,TRUE,TRUE,FALSE,6.77779412269592,3,FALSE,992,433,0,,,,,,,,,,
21,1,0,47,813.127950906753,Condition,TRUE,TRUE,FALSE,FALSE,7.03940391540527,3,FALSE,168,429,0,,,,,,,,,,
21,1,0,49,833.181429862976,Condition,TRUE,TRUE,TRUE,FALSE,7.11607193946838,3,FALSE,257,512,0,,,,,,,,,,
21,1,0,55,999.655441045761,Condition,TRUE,TRUE,TRUE,FALSE,7.46838617324829,3,FALSE,1013,323,0,,,,,,,,,,
21,1,0,18,297.791393995285,Condition,TRUE,TRUE,FALSE,FALSE,7.76094484329223,3,FALSE,1018,631,0,,,,,,,,,,
21,1,0,25,405.154006958007,Condition,TRUE,TRUE,TRUE,FALSE,8.13257694244384,2,FALSE,623,377,0,,,,,,,,,,
21,1,0,56,1000.49545192718,Condition,TRUE,TRUE,FALSE,FALSE,8.39540076255798,3,FALSE,1055,262,0,,,,,,,,,,
21,1,0,46,812.231734991073,Condition,TRUE,TRUE,TRUE,FALSE,10.1490199565887,3,TRUE,362,339,0,,,,,,,,,,
21,1,0,26,406.240233898162,Condition,TRUE,TRUE,FALSE,FALSE,10.1527249813079,3,TRUE,692,363,0,,,,,,,,,,
21,1,0,58,1093.3793478012,End,TRUE,TRUE,TRUE,FALSE,10.3423240184783,3,FALSE,917,640,0,,,,,,,,,,
21,1,0,51,922.800799846649,Condition,TRUE,TRUE,TRUE,FALSE,11.7218718528747,3,TRUE,231,526,0,,,,,,,,,,
21,1,0,16,291.03895497322,Condition,TRUE,TRUE,TRUE,FALSE,13.0012779235839,2,TRUE,75,122,0,,,,,,,,,,
21,1,0,43,734.220628976821,Condition,TRUE,TRUE,TRUE,FALSE,14.188626050949,2,FALSE,1126,234,0,,,,,,,,,,
21,1,0,0,5.41648197174072,Initial,FALSE,TRUE,FALSE,TRUE,,1,TRUE,189,190,0,,,,,,,,,,
21,1,0,1,9.47657799720764,Initial,FALSE,FALSE,TRUE,FALSE,,,,,,0,,,,,,,,,,
21,1,0,3,62.5199551582336,Initial,FALSE,TRUE,FALSE,TRUE,,1,FALSE,318,425,0,,,,,,,,,,
21,1,0,6,154.63561296463,Condition,FALSE,TRUE,FALSE,TRUE,,1,TRUE,556,52,0,,,,,,,,,,
21,1,0,11,241.429246902465,Condition,FALSE,TRUE,TRUE,FALSE,,0,FALSE,114,99,0,,,,,,,,,,
21,1,0,19,355.546162843704,Condition,FALSE,FALSE,FALSE,FALSE,,,,,,0,,,,,,,,,,
21,1,0,20,369.699758052825,Condition,FALSE,FALSE,FALSE,FALSE,,,,,,0,,,,,,,,,,
21,1,0,21,381.839051961898,Condition,FALSE,FALSE,TRUE,FALSE,,,,,,0,,,,,,,,,,
21,1,0,22,382.59717798233,Condition,FALSE,FALSE,TRUE,FALSE,,,,,,0,,,,,,,,,,
21,1,0,23,396.876279830932,Condition,FALSE,FALSE,TRUE,FALSE,,,,,,0,,,,,,,,,,
21,1,0,24,402.54097700119,Condition,FALSE,FALSE,TRUE,FALSE,,,,,,0,,,,,,,,,,
21,1,0,39,631.023140907287,Condition,FALSE,TRUE,FALSE,TRUE,,1,TRUE,172,615,0,,,,,,,,,,
21,1,0,41,669.247162103653,Condition,FALSE,FALSE,FALSE,FALSE,,,,,,0,,,,,,,,,,
,,,,,,,,,,,,,,,,,,,,,,,,,
,,,,,,,,,Average Clickdelay,2.63,,,,,,,,,,,,,,,
,,,,,,,,,Std Dev,#NAME?,,,,,,,,,,,,,,,
,,,,,,,,,Upper Bount,,,,,,,,,,,,,,,,
,,,,,,,,,,14.8,,,,,,,,,,,,,,,
,,,,,,,,,,,,,,,,,,,,,,,,,
,,,,,,,,,,,,,,,,,,,,,,,,,
,,,,,,,,,,,,,,,,,,,,,,,,,
,,,,,,,,,,,,,,,,,,,,,,,,,
,,,,,,,,,,,,,,,,,,,,,,,,,
,,,,,,,,,,,,,,,,,,,,,,,,,
,,,,,,,,,,,,,,,,,,,,,,,,,
,,,,,,,,,,,,,,,,,,,,,,,,,
,,,,,,,,,,,,,,,,,,,,,,,,,
,,,,,,,,,,,,,,,,,,,,,,,,,
,,,,,,,,,,,,,,,,,,,,,,,,,
,,,,,,,,,,,,,,,,,,,,,,,,,
,,,,,,,,,,,,,,,,,,,,,,,,,
,,,,,,,,,,,,,,,,,,,,,,,,,
,,,,,,,,,,,,,,,,,,,,,,,,,
,,,,,,,,,,,,,,,,,,,,,,,,,
,,,,,,,,,,,,,,,,,,,,,,,,,
,,,,,,,,,,,,,,,,,,,,,,,,,
,,,,,,,,,,,,,,,,,,,,,,,,,
,,,,,,,,,,,,,,,,,,,,,,,,,
,,,,,,,,,,,,,,,,,,,,,,,,,
,,,,,,,,,,,,,,,,,,,,,,,,,
,,,,,,,,,,,,,,,,,,,,,,,,,
,,,,,,,,,,,,,,,,,,,,,,,,,
,,,,,,,,,,,,,,,,,,,,,,,,,
,,,,,,,,,,,,,,,,,,,,,,,,,
,,,,,,,,,,,,,,,,,,,,,,,,,
,,,,,,,,,,,,,,,,,,,,,,,,,
,,,,,,,,,,,,,,,,,,,,,,,,,
,,,,,,,,,,,,,,,,,,,,,,,,,
,,,,,,,,,,,,,,,,,,,,,,,,,
,,,,,,,,,,,,,,,,,,,,,,,,,
,,,,,,,,,,,,,,,,,,,,,,,,,
,,,,,,,,,,,,,,,,,,,,,,,,,
,,,,,,,,,,,,,,,,,,,,,,,,,
,,,,,,,,,,,,,,,,,,,,,,,,,
,,,,,,,,,,,,,,,,,,,,,,,,,
,,,,,,,,,,,,,,,,,,,,,,,,,
,,,,,,,,,,,,,,,,,,,,,,,,,
,,,,,,,,,,,,,,,,,,,,,,,,,
,,,,,,,,,,,,,,,,,,,,,,,,,
,,,,,,,,,,,,,,,,,,,,,,,,,
,,,,,,,,,,,,,,,,,,,,,,,,,
,,,,,,,,,,,,,,,,,,,,,,,,,
,,,,,,,,,,,,,,,,,,,,,,,,,
,,,,,,,,,,,,,,,,,,,,,,,,,
,,,,,,,,,,,,,,,,,,,,,,,,,
,,,,,,,,,,,,,,,,,,,,,,,,,
,,,,,,,,,,,,,,,,,,,,,,,,,
,,,,,,,,,,,,,,,,,,,,,,,,,
,,,,,,,,,,,,,,,,,,,,,,,,,
,,,,,,,,,,,,,,,,,,,,,,,,,
,,,,,,,,,,,,,,,,,,,,,,,,,
,,,,,,,,,,,,,,,,,,,,,,,,,
,,,,,,,,,,,,,,,,,,,,,,,,,
,,,,,,,,,,,,,,,,,,,,,,,,,
,,,,,,,,,,,,,,,,,,,,,,,,,
,,,,,,,,,,,,,,,,,,,,,,,,,
,,,,,,,,,,,,,,,,,,,,,,,,,
,,,,,,,,,,,,,,,,,,,,,,,,,
,,,,,,,,,,,,,,,,,,,,,,,,,
,,,,,,,,,,,,,,,,,,,,,,,,,
,,,,,,,,,,,,,,,,,,,,,,,,,
,,,,,,,,,,,,,,,,,,,,,,,,,
,,,,,,,,,,,,,,,,,,,,,,,,,
,,,,,,,,,,,,,,,,,,,,,,,,,
,,,,,,,,,,,,,,,,,,,,,,,,,
,,,,,,,,,,,,,,,,,,,,,,,,,
,,,,,,,,,,,,,,,,,,,,,,,,,
,,,,,,,,,,,,,,,,,,,,,,,,,
,,,,,,,,,,,,,,,,,,,,,,,,,
,,,,,,,,,,,,,,,,,,,,,,,,,
,,,,,,,,,,,,,,,,,,,,,,,,,
,,,,,,,,,,,,,,,,,,,,,,,,,
,,,,,,,,,,,,,,,,,,,,,,,,,
,,,,,,,,,,,,,,,,,,,,,,,,,
,,,,,,,,,,,,,,,,,,,,,,,,,
,,,,,,,,,,,,,,,,,,,,,,,,,
,,,,,,,,,,,,,,,,,,,,,,,,,
,,,,,,,,,,,,,,,,,,,,,,,,,
,,,,,,,,,,,,,,,,,,,,,,,,,
,,,,,,,,,,,,,,,,,,,,,,,,,
,,,,,,,,,,,,,,,,,,,,,,,,,
,,,,,,,,,,,,,,,,,,,,,,,,,
,,,,,,,,,,,,,,,,,,,,,,,,,
,,,,,,,,,,,,,,,,,,,,,,,,,
,,,,,,,,,,,,,,,,,,,,,,,,,
,,,,,,,,,,,,,,,,,,,,,,,,,
,,,,,,,,,,,,,,,,,,,,,,,,,
,,,,,,,,,,,,,,,,,,,,,,,,,
,,,,,,,,,,,,,,,,,,,,,,,,,
,,,,,,,,,,,,,,,,,,,,,,,,,
,,,,,,,,,,,,,,,,,,,,,,,,,
,,,,,,,,,,,,,,,,,,,,,,,,,
,,,,,,,,,,,,,,,,,,,,,,,,,
,,,,,,,,,,,,,,,,,,,,,,,,,
,,,,,,,,,,,,,,,,,,,,,,,,,
,,,,,,,,,,,,,,,,,,,,,,,,,
,,,,,,,,,,,,,,,,,,,,,,,,,
,,,,,,,,,,,,,,,,,,,,,,,,,
,,,,,,,,,,,,,,,,,,,,,,,,,
,,,,,,,,,,,,,,,,,,,,,,,,,
,,,,,,,,,,,,,,,,,,,,,,,,,
,,,,,,,,,,,,,,,,,,,,,,,,,
,,,,,,,,,,,,,,,,,,,,,,,,,
,,,,,,,,,,,,,,,,,,,,,,,,,
,,,,,,,,,,,,,,,,,,,,,,,,,
,,,,,,,,,,,,,,,,,,,,,,,,,
,,,,,,,,,,,,,,,,,,,,,,,,,
,,,,,,,,,,,,,,,,,,,,,,,,,
,,,,,,,,,,,,,,,,,,,,,,,,,
,,,,,,,,,,,,,,,,,,,,,,,,,
,,,,,,,,,,,,,,,,,,,,,,,,,
,,,,,,,,,,,,,,,,,,,,,,,,,
,,,,,,,,,,,,,,,,,,,,,,,,,
,,,,,,,,,,,,,,,,,,,,,,,,,
,,,,,,,,,,,,,,,,,,,,,,,,,
,,,,,,,,,,,,,,,,,,,,,,,,,
,,,,,,,,,,,,,,,,,,,,,,,,,
,,,,,,,,,,,,,,,,,,,,,,,,,
,,,,,,,,,,,,,,,,,,,,,,,,,
,,,,,,,,,,,,,,,,,,,,,,,,,
,,,,,,,,,,,,,,,,,,,,,,,,,
,,,,,,,,,,,,,,,,,,,,,,,,,
,,,,,,,,,,,,,,,,,,,,,,,,,
,,,,,,,,,,,,,,,,,,,,,,,,,
,,,,,,,,,,,,,,,,,,,,,,,,,
,,,,,,,,,,,,,,,,,,,,,,,,,
,,,,,,,,,,,,,,,,,,,,,,,,,
,,,,,,,,,,,,,,,,,,,,,,,,,
,,,,,,,,,,,,,,,,,,,,,,,,,
,,,,,,,,,,,,,,,,,,,,,,,,,
,,,,,,,,,,,,,,,,,,,,,,,,,
,,,,,,,,,,,,,,,,,,,,,,,,,
,,,,,,,,,,,,,,,,,,,,,,,,,
,,,,,,,,,,,,,,,,,,,,,,,,,
,,,,,,,,,,,,,,,,,,,,,,,,,
,,,,,,,,,,,,,,,,,,,,,,,,,
,,,,,,,,,,,,,,,,,,,,,,,,,
,,,,,,,,,,,,,,,,,,,,,,,,,
,,,,,,,,,,,,,,,,,,,,,,,,,
,,,,,,,,,,,,,,,,,,,,,,,,,
,,,,,,,,,,,,,,,,,,,,,,,,,
,,,,,,,,,,,,,,,,,,,,,,,,,
,,,,,,,,,,,,,,,,,,,,,,,,,
,,,,,,,,,,,,,,,,,,,,,,,,,
,,,,,,,,,,,,,,,,,,,,,,,,,
,,,,,,,,,,,,,,,,,,,,,,,,,
,,,,,,,,,,,,,,,,,,,,,,,,,
,,,,,,,,,,,,,,,,,,,,,,,,,
,,,,,,,,,,,,,,,,,,,,,,,,,
,,,,,,,,,,,,,,,,,,,,,,,,,
,,,,,,,,,,,,,,,,,,,,,,,,,
,,,,,,,,,,,,,,,,,,,,,,,,,
,,,,,,,,,,,,,,,,,,,,,,,,,
,,,,,,,,,,,,,,,,,,,,,,,,,
,,,,,,,,,,,,,,,,,,,,,,,,,
,,,,,,,,,,,,,,,,,,,,,,,,,
,,,,,,,,,,,,,,,,,,,,,,,,,
,,,,,,,,,,,,,,,,,,,,,,,,,
,,,,,,,,,,,,,,,,,,,,,,,,,
,,,,,,,,,,,,,,,,,,,,,,,,,
,,,,,,,,,,,,,,,,,,,,,,,,,
,,,,,,,,,,,,,,,,,,,,,,,,,
,,,,,,,,,,,,,,,,,,,,,,,,,
,,,,,,,,,,,,,,,,,,,,,,,,,
,,,,,,,,,,,,,,,,,,,,,,,,,
,,,,,,,,,,,,,,,,,,,,,,,,,
,,,,,,,,,,,,,,,,,,,,,,,,,
,,,,,,,,,,,,,,,,,,,,,,,,,
,,,,,,,,,,,,,,,,,,,,,,,,,
,,,,,,,,,,,,,,,,,,,,,,,,,
,,,,,,,,,,,,,,,,,,,,,,,,,
,,,,,,,,,,,,,,,,,,,,,,,,,
,,,,,,,,,,,,,,,,,,,,,,,,,
,,,,,,,,,,,,,,,,,,,,,,,,,
,,,,,,,,,,,,,,,,,,,,,,,,,
,,,,,,,,,,,,,,,,,,,,,,,,,
,,,,,,,,,,,,,,,,,,,,,,,,,
,,,,,,,,,,,,,,,,,,,,,,,,,
,,,,,,,,,,,,,,,,,,,,,,,,,
,,,,,,,,,,,,,,,,,,,,,,,,,
,,,,,,,,,,,,,,,,,,,,,,,,,
,,,,,,,,,,,,,,,,,,,,,,,,,
,,,,,,,,,,,,,,,,,,,,,,,,,
,,,,,,,,,,,,,,,,,,,,,,,,,
,,,,,,,,,,,,,,,,,,,,,,,,,
,,,,,,,,,,,,,,,,,,,,,,,,,
,,,,,,,,,,,,,,,,,,,,,,,,,
,,,,,,,,,,,,,,,,,,,,,,,,,
,,,,,,,,,,,,,,,,,,,,,,,,,
,,,,,,,,,,,,,,,,,,,,,,,,,
,,,,,,,,,,,,,,,,,,,,,,,,,
,,,,,,,,,,,,,,,,,,,,,,,,,
,,,,,,,,,,,,,,,,,,,,,,,,,
,,,,,,,,,,,,,,,,,,,,,,,,,
,,,,,,,,,,,,,,,,,,,,,,,,,
,,,,,,,,,,,,,,,,,,,,,,,,,
,,,,,,,,,,,,,,,,,,,,,,,,,
,,,,,,,,,,,,,,,,,,,,,,,,,
,,,,,,,,,,,,,,,,,,,,,,,,,
,,,,,,,,,,,,,,,,,,,,,,,,,
,,,,,,,,,,,,,,,,,,,,,,,,,
,,,,,,,,,,,,,,,,,,,,,,,,,
,,,,,,,,,,,,,,,,,,,,,,,,,
,,,,,,,,,,,,,,,,,,,,,,,,,
,,,,,,,,,,,,,,,,,,,,,,,,,
,,,,,,,,,,,,,,,,,,,,,,,,,
,,,,,,,,,,,,,,,,,,,,,,,,,
,,,,,,,,,,,,,,,,,,,,,,,,,
,,,,,,,,,,,,,,,,,,,,,,,,,
,,,,,,,,,,,,,,,,,,,,,,,,,
,,,,,,,,,,,,,,,,,,,,,,,,,
,,,,,,,,,,,,,,,,,,,,,,,,,
,,,,,,,,,,,,,,,,,,,,,,,,,
,,,,,,,,,,,,,,,,,,,,,,,,,
,,,,,,,,,,,,,,,,,,,,,,,,,
,,,,,,,,,,,,,,,,,,,,,,,,,
,,,,,,,,,,,,,,,,,,,,,,,,,
,,,,,,,,,,,,,,,,,,,,,,,,,
,,,,,,,,,,,,,,,,,,,,,,,,,
,,,,,,,,,,,,,,,,,,,,,,,,,
,,,,,,,,,,,,,,,,,,,,,,,,,
,,,,,,,,,,,,,,,,,,,,,,,,,
,,,,,,,,,,,,,,,,,,,,,,,,,
,,,,,,,,,,,,,,,,,,,,,,,,,
,,,,,,,,,,,,,,,,,,,,,,,,,
,,,,,,,,,,,,,,,,,,,,,,,,,
,,,,,,,,,,,,,,,,,,,,,,,,,
,,,,,,,,,,,,,,,,,,,,,,,,,
,,,,,,,,,,,,,,,,,,,,,,,,,
,,,,,,,,,,,,,,,,,,,,,,,,,
,,,,,,,,,,,,,,,,,,,,,,,,,
,,,,,,,,,,,,,,,,,,,,,,,,,
,,,,,,,,,,,,,,,,,,,,,,,,,
,,,,,,,,,,,,,,,,,,,,,,,,,
,,,,,,,,,,,,,,,,,,,,,,,,,
,,,,,,,,,,,,,,,,,,,,,,,,,
,,,,,,,,,,,,,,,,,,,,,,,,,
,,,,,,,,,,,,,,,,,,,,,,,,,
,,,,,,,,,,,,,,,,,,,,,,,,,
,,,,,,,,,,,,,,,,,,,,,,,,,
,,,,,,,,,,,,,,,,,,,,,,,,,
,,,,,,,,,,,,,,,,,,,,,,,,,
,,,,,,,,,,,,,,,,,,,,,,,,,
,,,,,,,,,,,,,,,,,,,,,,,,,
,,,,,,,,,,,,,,,,,,,,,,,,,
,,,,,,,,,,,,,,,,,,,,,,,,,
,,,,,,,,,,,,,,,,,,,,,,,,,
,,,,,,,,,,,,,,,,,,,,,,,,,
,,,,,,,,,,,,,,,,,,,,,,,,,
,,,,,,,,,,,,,,,,,,,,,,,,,
,,,,,,,,,,,,,,,,,,,,,,,,,
,,,,,,,,,,,,,,,,,,,,,,,,,
,,,,,,,,,,,,,,,,,,,,,,,,,
,,,,,,,,,,,,,,,,,,,,,,,,,
,,,,,,,,,,,,,,,,,,,,,,,,,
,,,,,,,,,,,,,,,,,,,,,,,,,
,,,,,,,,,,,,,,,,,,,,,,,,,
,,,,,,,,,,,,,,,,,,,,,,,,,
,,,,,,,,,,,,,,,,,,,,,,,,,
,,,,,,,,,,,,,,,,,,,,,,,,,
,,,,,,,,,,,,,,,,,,,,,,,,,
,,,,,,,,,,,,,,,,,,,,,,,,,
,,,,,,,,,,,,,,,,,,,,,,,,,
,,,,,,,,,,,,,,,,,,,,,,,,,
,,,,,,,,,,,,,,,,,,,,,,,,,
,,,,,,,,,,,,,,,,,,,,,,,,,
,,,,,,,,,,,,,,,,,,,,,,,,,
,,,,,,,,,,,,,,,,,,,,,,,,,
,,,,,,,,,,,,,,,,,,,,,,,,,
,,,,,,,,,,,,,,,,,,,,,,,,,
,,,,,,,,,,,,,,,,,,,,,,,,,
,,,,,,,,,,,,,,,,,,,,,,,,,
,,,,,,,,,,,,,,,,,,,,,,,,,
,,,,,,,,,,,,,,,,,,,,,,,,,
,,,,,,,,,,,,,,,,,,,,,,,,,
,,,,,,,,,,,,,,,,,,,,,,,,,
,,,,,,,,,,,,,,,,,,,,,,,,,
,,,,,,,,,,,,,,,,,,,,,,,,,
,,,,,,,,,,,,,,,,,,,,,,,,,
,,,,,,,,,,,,,,,,,,,,,,,,,
,,,,,,,,,,,,,,,,,,,,,,,,,
,,,,,,,,,,,,,,,,,,,,,,,,,
,,,,,,,,,,,,,,,,,,,,,,,,,
,,,,,,,,,,,,,,,,,,,,,,,,,
,,,,,,,,,,,,,,,,,,,,,,,,,
,,,,,,,,,,,,,,,,,,,,,,,,,
,,,,,,,,,,,,,,,,,,,,,,,,,
,,,,,,,,,,,,,,,,,,,,,,,,,
,,,,,,,,,,,,,,,,,,,,,,,,,
,,,,,,,,,,,,,,,,,,,,,,,,,
,,,,,,,,,,,,,,,,,,,,,,,,,
,,,,,,,,,,,,,,,,,,,,,,,,,
,,,,,,,,,,,,,,,,,,,,,,,,,
,,,,,,,,,,,,,,,,,,,,,,,,,